--
-- Script was generated by Devart dbForge Data Generator for SQL Server, Version 4.2.76.0
-- Product Home Page: http://www.devart.com/dbforge/sql/data-generator/
-- Script date 12/6/2019 1:58:47 PM
-- Target server version: 15.00.2070
-- Target connection string: Data Source=localhost;Encrypt=False;Initial Catalog=Rainforest;Integrated Security=False;User ID=sa
--



SET LANGUAGE 'English'
SET DATEFORMAT ymd
SET ARITHABORT, ANSI_PADDING, ANSI_WARNINGS, CONCAT_NULL_YIELDS_NULL, QUOTED_IDENTIFIER, ANSI_NULLS, NOCOUNT ON
SET NUMERIC_ROUNDABORT, IMPLICIT_TRANSACTIONS, XACT_ABORT OFF
GO

--
-- Backing up database Rainforest
--
--
-- Create backup folder
--
IF OBJECT_ID('xp_create_subdir') IS NOT NULL
  EXEC xp_create_subdir N'C:\Program Files\Microsoft SQL Server\MSSQL15.MSSQLSERVER\MSSQL\Backup'
--
-- Backup database to the file with the name: <database_name>_<yyyy>_<mm>_<dd>_<hh>_<mi>.bak
--
DECLARE @db_name SYSNAME
SET @db_name = N'Rainforest'

DECLARE @filepath NVARCHAR(4000)
SET @filepath =
/*define base part*/ N'C:\Program Files\Microsoft SQL Server\MSSQL15.MSSQLSERVER\MSSQL\Backup\' + @db_name + '_' +
/*append date*/ REPLACE(CONVERT(NVARCHAR(10), GETDATE(), 102), '.', '_') + '_' +
/*append time*/ REPLACE(CONVERT(NVARCHAR(5), GETDATE(), 108), ':', '_') + '.bak'

DECLARE @SQL NVARCHAR(MAX)
SET @SQL = 
    N'BACKUP DATABASE ' + QUOTENAME(@db_name) + ' TO DISK = @filepath WITH INIT' + 
      CASE WHEN EXISTS(
                SELECT value
                FROM sys.configurations
                WHERE name = 'backup compression default'
          )
        THEN ', COMPRESSION'
        ELSE ''
      END

EXEC sys.sp_executesql @SQL, N'@filepath NVARCHAR(4000)', @filepath = @filepath
GO

USE Rainforest
GO

IF DB_NAME() <> N'Rainforest' SET NOEXEC ON
GO
--
-- Delete data from the table 'dbo.TRating'
--
TRUNCATE TABLE dbo.TRating
GO
--
-- Delete data from the table 'dbo.TInvoice_line'
--
TRUNCATE TABLE dbo.TInvoice_line
GO
--
-- Delete data from the table 'dbo.TInvoice'
--
DELETE dbo.TInvoice
GO
--
-- Delete data from the table 'dbo.TCreditCard'
--
DELETE dbo.TCreditCard
GO
--
-- Delete data from the table 'dbo.TUser'
--
DELETE dbo.TUser
GO
--
-- Delete data from the table 'dbo.TProduct'
--
DELETE dbo.TProduct
GO
--
-- Delete data from the table 'dbo.TCity'
--
DELETE dbo.TCity
GO

--
-- Inserting data into table dbo.TCity
--
INSERT dbo.TCity(zip_code, city) VALUES (N'8533', 'Dronningmølle')
INSERT dbo.TCity(zip_code, city) VALUES (N'7192', 'Hørsholm')
INSERT dbo.TCity(zip_code, city) VALUES (N'6672', 'Skovlunde')
INSERT dbo.TCity(zip_code, city) VALUES (N'6256', 'Fredensborg')
INSERT dbo.TCity(zip_code, city) VALUES (N'2053', 'Nærum')
INSERT dbo.TCity(zip_code, city) VALUES (N'8635', 'Ølsted')
INSERT dbo.TCity(zip_code, city) VALUES (N'7249', 'Veksø Sjælland')
INSERT dbo.TCity(zip_code, city) VALUES (N'1786', 'Hasle')
INSERT dbo.TCity(zip_code, city) VALUES (N'7953', 'Ålsgårde')
INSERT dbo.TCity(zip_code, city) VALUES (N'3315', 'Taastrup')
INSERT dbo.TCity(zip_code, city) VALUES (N'4475', 'Kokkedal')
INSERT dbo.TCity(zip_code, city) VALUES (N'3458', 'København S')
INSERT dbo.TCity(zip_code, city) VALUES (N'3396', 'Ballerup')
INSERT dbo.TCity(zip_code, city) VALUES (N'6341', 'Værløse')
INSERT dbo.TCity(zip_code, city) VALUES (N'5126', 'Dyssegård')
INSERT dbo.TCity(zip_code, city) VALUES (N'6693', 'Kvistgård')
INSERT dbo.TCity(zip_code, city) VALUES (N'7597', 'Rønne')
INSERT dbo.TCity(zip_code, city) VALUES (N'1187', 'Skævinge')
INSERT dbo.TCity(zip_code, city) VALUES (N'7611', 'Nivå')
INSERT dbo.TCity(zip_code, city) VALUES (N'6293', 'Farum')
INSERT dbo.TCity(zip_code, city) VALUES (N'6080', 'Søborg')
INSERT dbo.TCity(zip_code, city) VALUES (N'1463', 'Aakirkeby')
INSERT dbo.TCity(zip_code, city) VALUES (N'6185', 'Bagsværd')
INSERT dbo.TCity(zip_code, city) VALUES (N'2320', 'Måløv')
INSERT dbo.TCity(zip_code, city) VALUES (N'4810', 'Ishøj')
INSERT dbo.TCity(zip_code, city) VALUES (N'4816', 'Helsingør')
INSERT dbo.TCity(zip_code, city) VALUES (N'5665', 'København NV')
INSERT dbo.TCity(zip_code, city) VALUES (N'4596', 'Gørløse')
INSERT dbo.TCity(zip_code, city) VALUES (N'6632', 'Lynge')
INSERT dbo.TCity(zip_code, city) VALUES (N'8797', 'Hellebæk')
INSERT dbo.TCity(zip_code, city) VALUES (N'8100', 'Hedehusene')
INSERT dbo.TCity(zip_code, city) VALUES (N'5063', 'Nexø')
INSERT dbo.TCity(zip_code, city) VALUES (N'9992', 'Hellerup')
INSERT dbo.TCity(zip_code, city) VALUES (N'7098', 'Smørum')
INSERT dbo.TCity(zip_code, city) VALUES (N'7696', 'København SV')
INSERT dbo.TCity(zip_code, city) VALUES (N'4089', 'Humlebæk')
INSERT dbo.TCity(zip_code, city) VALUES (N'6028', 'Charlottenlund')
INSERT dbo.TCity(zip_code, city) VALUES (N'4882', 'Liseleje')
INSERT dbo.TCity(zip_code, city) VALUES (N'4078', 'Greve')
INSERT dbo.TCity(zip_code, city) VALUES (N'7602', 'Hvidovre')
INSERT dbo.TCity(zip_code, city) VALUES (N'2753', 'Helsinge')
INSERT dbo.TCity(zip_code, city) VALUES (N'3894', 'Slangerup')
INSERT dbo.TCity(zip_code, city) VALUES (N'6492', 'Svaneke')
INSERT dbo.TCity(zip_code, city) VALUES (N'4426', 'Espergærde')
INSERT dbo.TCity(zip_code, city) VALUES (N'6878', 'Valby')
INSERT dbo.TCity(zip_code, city) VALUES (N'6098', 'Melby')
INSERT dbo.TCity(zip_code, city) VALUES (N'4856', 'Frederikssund')
INSERT dbo.TCity(zip_code, city) VALUES (N'4312', 'Vejby')
INSERT dbo.TCity(zip_code, city) VALUES (N'4381', 'Østermarie')
INSERT dbo.TCity(zip_code, city) VALUES (N'6747', 'Klampenborg')
GO

--
-- Inserting data into table dbo.TProduct
--

SET IDENTITY_INSERT dbo.TProduct ON
GO
INSERT dbo.TProduct(product_id, name, description, unit_price, average_rating) VALUES (1, 'Sunscreen ', 'Vel accusantium quo voluptate, mollitia adipisci ea laborum voluptatem dolores rerum corporis beatae amet natus. Quas et magnam perspiciatis non ullam tempore expedita provident, perspiciatis aliquid aliquam vero reprehenderit voluptatem. Recusandae voluptatem pariatur, eligendi aut aperiam et ipsa et est et qui dolor laborum iste. Et nulla unde, sed ratione in non eius omnis natus recusandae blanditiis sit perspiciatis doloribus. Amet ratione sint, debitis voluptatem enim voluptatem omnis porro perspiciatis ea dolorem perspiciatis quis obcaecati. Quis odio cumque aperiam omnis culpa alias dicta voluptatem nihil odit placeat qui hic nobis. Cumque voluptatem unde sit aut aliquid et voluptatem soluta fugiat eos eveniet reiciendis laudantium omnis. Voluptates beatae fuga, nobis et veniam consequuntur quis a quia non nihil pariatur dignissimos error. Dolor vel qui explicabo sed ut enim voluptates sit omnis magnam cumque beatae amet vitae...
Dolores quas impedit consequatur sed accusantium, rerum quae dolores hic voluptates quia accusantium officiis est. Quos error voluptas dolores ad ipsam sed soluta suscipit odit est non et modi rerum; sed iste nostrum et doloribus aut assumenda vel et provident architecto odio saepe id itaque. In commodi quia et esse fugiat et corporis nisi nemo qui in pariatur dolorum et? Corrupti commodi repudiandae impedit eveniet adipisci deserunt voluptate omnis, alias est molestiae voluptas facere illo. Eveniet molestiae accusantium omnis molestias et, nemo ab adipisci debitis excepturi sed distinctio labore sit; provident consequuntur in nihil natus voluptatem alias incidunt odit, dicta debitis incidunt molestiae vel esse.', 99, 1.11)
INSERT dbo.TProduct(product_id, name, description, unit_price, average_rating) VALUES (2, 'Ration ', 'Iusto eligendi, fuga ut inventore quia facilis dicta aut sequi fugiat voluptatem perspiciatis non eligendi. Necessitatibus eligendi natus asperiores ut sint quod aut aliquam, itaque eos facere autem consequuntur numquam. Suscipit vero distinctio voluptates iste eaque ea optio obcaecati nobis consequuntur tenetur alias quia quae! Repellat quidem vel at, alias rerum eos quod et consequatur et laborum sit error ipsa. Doloremque voluptas incidunt possimus enim qui harum enim soluta sint totam beatae sunt voluptate aliquam! Voluptates omnis quae veritatis sapiente dolores laudantium et ut eveniet incidunt sed deserunt qui sit. Et nisi non autem temporibus, iste sed et sint qui molestiae doloribus doloremque veritatis blanditiis! Ut odit sit unde consequatur ipsam necessitatibus voluptatem et non est voluptates sed corporis sapiente. Optio magnam sed aliquid, inventore delectus veritatis similique debitis et natus voluptatem delectus unde voluptatem. Officiis et laborum eum, consequatur qui id eos et optio in iste quis voluptas aut. Et quas id libero, commodi illo quisquam ut dolorum ut sit quas omnis repellat nobis. Et dolorem rem blanditiis quia voluptatibus non quae aliquid error quia quod sint iste ratione. Velit numquam quia eos sed, sint sit ut doloremque consequatur adipisci in qui omnis aut. Harum ut unde deleniti repellendus autem quas eos aliquid aut temporibus cupiditate voluptas magnam tenetur? Et harum veritatis veniam iure quis ut numquam maiores provident est sit error iure aperiam. Animi nostrum aliquid velit cumque quasi non vero aliquam odio temporibus dicta voluptatem eum aperiam. Veniam explicabo odio perspiciatis similique porro consequuntur perspiciatis quia sit quidem est natus voluptates quas. Aut ut quaerat, suscipit laborum omnis a porro dolor facere eos facilis omnis dolorum voluptatem! Sed qui sit earum odio quae libero similique optio dolorum ratione omnis ut est quia; optio ipsa quia tempora et suscipit ea sit voluptatem magnam numquam ullam iste sapiente saepe.
Incidunt minima aut qui nam ex non cupiditate dolor sint nihil est sit quo aut.
Accusamus consequatur quos saepe qui libero reprehenderit distinctio eos recusandae maiores ab hic mollitia eos. Libero dolorem hic corrupti iusto ea aliquid omnis dolorem vel nesciunt dicta pariatur aut autem. Repellendus amet, unde voluptatum accusantium reiciendis tempore quisquam unde omnis vitae et vel voluptatem reprehenderit.', 100, NULL)
INSERT dbo.TProduct(product_id, name, description, unit_price, average_rating) VALUES (3, 'Camera                  ', 'Est ullam dolorum, velit ducimus quia reprehenderit inventore perferendis quasi minima fugit molestiae doloremque soluta. Rerum ut, fugit qui rem et exercitationem qui quod eum necessitatibus aut repellendus ut natus? Non perspiciatis facilis, voluptatem ullam perspiciatis deserunt qui eligendi ex omnis cupiditate consequuntur ut voluptatem; sint iste, voluptate ipsum accusamus magnam rerum molestias et error ipsam qui adipisci et rerum. Quidem minima minus enim impedit autem harum autem, necessitatibus quia velit distinctio ad aliquid nulla? Neque quia dolor soluta aliquam, rerum sit natus cumque dignissimos voluptatum unde in veritatis repellendus. Itaque libero, soluta tempora nobis consequatur quisquam sed repellendus ab quod voluptatem aspernatur ut omnis! Quisquam et reiciendis ipsum velit exercitationem sit fuga sint repudiandae molestiae quia natus distinctio voluptas. Maxime dolorem eum incidunt rerum qui, modi et minus quis dolor vero sapiente est quas. Ut molestias qui quasi, non consequatur quasi sed suscipit quibusdam voluptatem sit non esse quas? Sed sit id animi minima ut sapiente quia iste explicabo vitae id hic sint esse. Qui perferendis illo incidunt natus assumenda est voluptatibus quia veritatis natus eum accusantium velit nihil. Eos omnis deleniti perspiciatis fuga natus, sapiente est nihil maxime nihil sit non quis voluptatem. Qui voluptatem dolor aut voluptas laudantium neque sed ratione, aliquid voluptatem quae non quod rerum!
Facilis vel voluptatem, error quo et ratione soluta maiores impedit ut dicta ut tempore saepe. Perspiciatis doloremque repellat aliquam dolor facilis unde ad et quidem optio ea possimus impedit animi. Incidunt voluptatem vel asperiores quia unde neque inventore numquam officia non dolore error qui perspiciatis. Quo minima cupiditate ab voluptatem totam voluptas non corporis placeat quae sit distinctio consectetur quia. Animi voluptatem ipsa similique alias, et reprehenderit iste cum quam totam corporis enim saepe vel; voluptas odio facere fugit est ex voluptates beatae qui maxime, et exercitationem aspernatur rerum quae. Eum minus sed enim quis repellat aspernatur repellendus facilis odit corrupti quisquam voluptatem harum neque? Nihil architecto et quam facere deserunt nostrum ut velit debitis enim ad eum, ut molestias.', 6000, 0.44)
INSERT dbo.TProduct(product_id, name, description, unit_price, average_rating) VALUES (4, 'Water bottle', 'Sint sit tempora, ullam accusamus quasi natus quis error maxime iusto est rerum impedit consequatur. Illum nulla saepe et aut non aperiam, et omnis tempore id ipsa sunt molestiae tempore. Dolorum qui vitae rem enim repellat, qui reprehenderit nemo veritatis fugiat aut illum aliquam expedita! Aspernatur fugit veritatis delectus, voluptas soluta ut est voluptas similique perspiciatis incidunt veniam sapiente aperiam. Incidunt neque sed qui officia dolores sed qui sit est laboriosam est ut perspiciatis repellendus. Eos tempore itaque quas consequatur omnis saepe cumque illo modi illo cumque et ratione obcaecati.', 60, 4.75)
INSERT dbo.TProduct(product_id, name, description, unit_price, average_rating) VALUES (5, 'Sun glasses ', 'Nesciunt hic culpa dolor et officia impedit eaque dolorum quae qui libero quia odio quisquam. Nulla provident porro, consequuntur voluptate ut pariatur perspiciatis omnis rerum sint dolores omnis quia non. Enim aut voluptatem dolor, ut omnis mollitia ut atque architecto culpa error ut voluptates harum. Impedit explicabo nemo impedit quo ducimus aliquam ut sapiente in libero ipsa rerum sint sunt; et doloremque assumenda aut incidunt ut culpa magni quas sed nihil suscipit ad numquam eos. Sint laudantium odio ut ea qui odio et aperiam commodi omnis rerum at et error! Nulla et harum officia sit facilis atque repudiandae fugit voluptas iste suscipit provident reprehenderit corrupti. Libero quia ad veniam accusamus, fugiat ut et aspernatur quo nemo ut nesciunt aspernatur laboriosam. Animi facere beatae quaerat perferendis ipsam voluptatibus, perspiciatis iste rerum molestiae at inventore minima eos.
Natus sint soluta natus animi corporis dolorem nobis voluptatibus accusamus est debitis illum ea eum. Quia iste modi qui unde nulla molestiae unde incidunt sit doloribus aut aspernatur natus eos! Nesciunt ducimus perspiciatis quis perspiciatis temporibus, delectus sit dicta doloribus omnis est sunt qui consectetur. Eaque itaque qui officia non autem saepe soluta cum nobis provident laboriosam culpa aperiam iste; quasi dolores qui sit qui assumenda cum quasi doloribus cumque omnis dolorem perspiciatis corrupti doloremque. Praesentium fugiat molestias, quia esse molestiae iste esse vero et voluptatibus aliquid incidunt quis quia. Itaque ullam accusantium repellat facere est ipsam eveniet quaerat consequatur aperiam enim veniam ipsum error; autem aut reiciendis eum qui nam omnis est qui ut omnis voluptates hic rerum sit; error nemo voluptatem ut aut quo hic quia quaerat dolores aperiam dolor velit et perspiciatis. Magnam unde voluptatem aut consectetur consequatur veniam voluptatem iste voluptas error deserunt modi consectetur voluptatem! Omnis molestias incidunt et facilis, ducimus repellat debitis sed unde et accusamus porro iusto et. Dolor sed fugiat atque rem dolores nesciunt dolorem minima, delectus quasi et at laboriosam delectus. Velit expedita odio possimus velit sequi provident sed modi libero laboriosam commodi suscipit aut natus. Illo et ipsam, minima iste tenetur et omnis quia perspiciatis dicta ut perspiciatis voluptas et; voluptatem provident, esse mollitia ea rem et ipsam ab dicta mollitia ducimus natus sit veniam? Eaque omnis vel ea qui incidunt repellat totam ducimus, totam ipsam voluptas et perspiciatis tempora!
Quod recusandae officia perferendis, vero qui sit eveniet officia dignissimos et corrupti omnis distinctio quis. Eos quia, qui veniam at est aspernatur delectus iure nobis facilis corporis iste deleniti ad. Non vitae, laborum sequi corrupti tempora ullam at qui enim quia maiores nihil amet iusto. Pariatur qui autem mollitia temporibus corporis facere ad aut et est tempora atque alias porro? Dolorem obcaecati id consequatur veniam natus dolores cum quod ut eos consequatur sed quia quis. Voluptatem eveniet consectetur illum sint dolor et natus aperiam minima pariatur voluptatem doloribus odio voluptatem. Aliquid incidunt error ab est velit sed exercitationem, maxime optio eligendi eos minus sit eos; saepe iste cumque, deleniti aut rem unde natus nostrum atque repudiandae amet iusto sit omnis. Amet sunt non quia non quae quia qui alias nihil excepturi libero sed incidunt explicabo. Ut animi nostrum error vel nam quia ut et iste nisi facilis quia non soluta.', 600, 2.08)
INSERT dbo.TProduct(product_id, name, description, unit_price, average_rating) VALUES (6, 'Saw', 'Aut odio dolor illum, repellat doloremque commodi explicabo beatae sunt vel cupiditate eveniet deserunt sed. Omnis ut quis repellat nemo error veritatis aut neque voluptatem sit explicabo sunt voluptatem magnam. Voluptatem libero est ut magnam temporibus dolorum odit animi consequatur mollitia id reiciendis omnis ab...
Unde labore maiores cumque et voluptatem excepturi unde maxime cupiditate et consequatur expedita voluptatem nesciunt. Id laborum ipsa, sequi atque amet minus excepturi ratione perspiciatis exercitationem enim quaerat quibusdam unde. Beatae natus officia unde sit quibusdam sit officia sequi laudantium ab aliquid sequi voluptatem vel. Sed natus voluptatem maiores voluptatem accusamus quia et est modi aut similique quaerat qui ut. Qui quibusdam ad sed voluptas ab id ipsa laudantium sed quas deleniti eaque maxime rerum!', 500, 1.16)
INSERT dbo.TProduct(product_id, name, description, unit_price, average_rating) VALUES (7, 'Hat  ', 'Officia il', 100, 5)
EXEC(N'DECLARE @ptrval binary(16) SELECT @ptrval = TEXTPTR(description) FROM dbo.TProduct WHERE product_id = 7'
+ N' UPDATETEXT dbo.TProduct.description @ptrval NULL 0 ''lum quo, quia voluptate pariatur autem optio consequuntur quasi consectetur atque nobis non commodi. Suscipit in iusto iste eum incidunt velit quidem sit corporis in aut et id beatae. Dolor doloribus illum omnis eos minima earum ipsa commodi et deleniti nulla fugit perferendis ut! Iusto natus officia nulla numquam cumque, iusto et voluptatem minima quis labore beatae sed totam. Explicabo sint nulla enim eum, totam ipsam sunt ut consequatur deserunt porro alias et debitis! Tempora repudiandae, vitae nam et rem rerum temporibus voluptas consequatur dignissimos explicabo sed consectetur est. Exercitationem vel aut blanditiis consectetur, eum labore amet nisi nam asperiores voluptatibus et delectus repellendus. Nostrum neque qui et natus necessitatibus iusto earum rerum similique aut saepe eligendi magni sed. Et nam voluptatum a voluptatem perspiciatis id omnis quibusdam incidunt possimus accusantium natus eos ab; sit corporis accusantium, repellendus quo enim aperiam in error temporibus ad eius et veritatis beatae; quidem quis voluptate sit modi a quia tenetur ut tempora voluptatem iste labore possimus natus. Amet minima natus est, vitae debitis dignissimos aut natus aut porro neque voluptatem est ut. Aperiam voluptas voluptatem necessitatibus nihil aut eos dicta assumenda nostrum repellendus natus ab est rem. Assumenda aperiam ex facilis qui non incidunt necessitatibus et id ipsam iure totam omnis quo. Cum autem mollitia magnam aut quo numquam consectetur adipisci voluptate earum eaque architecto officiis cumque. Eius modi quae vero ut et nihil quaerat illum dolor molestiae magnam unde ea in. Quo quidem aperiam nemo earum tempora architecto iste praesentium animi nisi iure sit corporis quibusdam. Consectetur consequatur quam aut quo temporibus quos est accusantium, quis dolorem eos qui dolores sed; unde et obcaecati natus iure animi ut tempora ea eos tempore aliquam error fugiat est. Sit et molestias ipsum iste in, animi recusandae dolorum distinctio veniam ut laboriosam repellendus omnis.
Quae non, maiores aliquam voluptatem sed nobis ut est enim qui laborum cupiditate officia sint. Saepe ut autem adipisci vitae voluptatem voluptate et minus vitae quia perspiciatis quia vitae nulla. Placeat ad est, quia odio enim sit nihil unde voluptatem est reprehenderit illo voluptatem incidunt! Voluptatem earum sit aut nemo vero commodi molestiae optio sit exercitationem enim dolores ab ad. Sed aut doloremque quia odit dolores asperiores quia error magnam velit molestias voluptatem illo laudantium? Consectetur rerum totam deserunt perspiciatis velit eaque ratione dolores, necessitatibus facere expedita nam voluptatum neque. Est dolor libero facilis libero eveniet voluptatem eligendi corporis sed porro repudiandae eligendi quos facere!
Quo exercitationem perspiciatis doloribus sed nisi ipsam, unde et aut aperiam cumque qui dolore sunt. Error iste molestiae non laudantium iste aliquam vel enim animi sit inventore cupiditate perspiciatis omnis; illum in, similique quae magni veritatis et fuga voluptatum qui unde est et ullam quae. Reiciendis aut voluptatem quisquam sunt fugit dolorem dolor voluptatem nemo et libero voluptatem doloremque eius? Quis officiis omnis numquam voluptatem est voluptatem dolorem numquam provident, nisi expedita facere molestiae et! Non sequi iure nulla harum quia reprehenderit non, fugit unde temporibus quia quasi ut commodi? Et ducimus modi dolore nisi nesciunt quod ratione, nisi ex quia mollitia voluptatem consequuntur esse. Quis ex, et incidunt illum quae unde sed rem ea reiciendis sed laudantium voluptatem natus. Adipisci sapiente totam error consectetur laudantium, facere id sed corrupti autem aliquam non et voluptatem. Ipsam laudantium sed nam sit iste hic quo et quos qui possimus rerum nam sequi! Ut eum id iste laboriosam est repellat eos sit a voluptatum pariatur ab nostrum minus. Minus eaque nam aut dolor placeat, id aut rerum quo ratione suscipit saepe aliquam et! Ipsum doloribus aperiam illo vel ut sequi p'''
+ N' UPDATETEXT dbo.TProduct.description @ptrval NULL 0 ''erspiciatis veniam ipsam dignissimos error quo perspiciatis error. Dolorem non minus et molestiae et nobis quod porro veritatis praesentium modi beatae voluptatum aut; nemo aut est veritatis earum omnis qui error aliquid debitis voluptatibus id accusamus architecto mollitia. Facilis omnis sed voluptatem corrupti ex praesentium porro voluptas ab maxime ratione necessitatibus qui similique. Ab aut autem repudiandae sed beatae sit nam sapiente suscipit aut fugit modi adipisci rerum. Iure qui eius sequi, aut recusandae tempora commodi quae est et nulla unde iure commodi. Eum sit facilis, quia quisquam deserunt est consequuntur et reiciendis dolorem dicta amet et laborum. Omnis voluptatem eius eos aut repellendus eaque, molestiae dicta assumenda voluptatem omnis veritatis aut alias.''')
INSERT dbo.TProduct(product_id, name, description, unit_price, average_rating) VALUES (8, 'RuckSack ', 'Possimus laudantium eum optio aut dolorum commodi voluptatibus est commodi quas ea provident qui quis. Veritatis molestias quia rerum voluptatem vel eius perspiciatis autem qui aut tempora qui repellendus qui. Veritatis assumenda beatae accusantium sint porro voluptates amet quasi officia omnis cumque similique perspiciatis blanditiis. Eos consequatur enim non veniam eaque et omnis porro unde consequatur facilis provident veniam rerum? Et sequi incidunt qui aut est labore commodi magni, perspiciatis impedit consequatur sit enim totam. Eveniet doloremque quaerat minima, eveniet beatae iste omnis maiores enim sed iste officiis dolore non. Sapiente est sunt non rerum dolor ut optio rem ducimus iste aut minima non nihil! Explicabo omnis nostrum expedita ut qui sed vitae quia nostrum veritatis et omnis impedit in. Sed delectus laboriosam exercitationem nulla perspiciatis sit, voluptatibus recusandae nesciunt natus commodi repellendus molestiae cupiditate. Quia laborum ad odit voluptatem qui sit inventore eum numquam ipsa assumenda voluptas provident ut! Ducimus ut et iure, ut rerum modi dolor aut aliquam maxime dolor eos quia sit; et omnis non tenetur rerum veniam sed ut dicta suscipit eveniet soluta ad et assumenda. Qui et enim illum ut ad sed consequuntur, tempore et facilis error sit qui sunt? Est doloremque, ut dolorem expedita iste earum iste illo nemo eaque magni quasi quisquam voluptatem. Maiores omnis hic omnis, minus est sed natus illo odio iste beatae et repellat eveniet; autem praesentium ut harum iure nisi rem, omnis error consequatur unde est et sit ut. Ut laboriosam doloremque deleniti id sit, unde quo facere natus doloribus eos voluptas natus rem! Vel quas temporibus ut accusantium quibusdam corrupti culpa accusantium dolores, facilis voluptate consequatur velit sed.', 914.2867, 2.32)
INSERT dbo.TProduct(product_id, name, description, unit_price, average_rating) VALUES (9, 'Axe ', 'Velit voluptas veritatis eaque, reiciendis hic est magni non dolor dolores eius aut numquam rerum. Aut nulla ut cumque dignissimos quaerat doloremque autem asperiores optio eveniet dicta voluptate maiores cupiditate! Omnis sed quia cupiditate dolor totam est debitis est aperiam eum natus est suscipit ab. Sed beatae sed voluptatem dolores est sed perferendis ab voluptatem quos aut id aperiam quia! Quo beatae est iste asperiores, error ex praesentium ea eius enim quis expedita quibusdam architecto. Velit suscipit animi perferendis sunt voluptas distinctio aliquam impedit et dolores nemo laudantium vero exercitationem!
Quia ab ut natus laudantium consequatur officia iste et quia impedit et eum corrupti voluptatem. Quasi nisi et unde sit laboriosam placeat provident rerum tempora assumenda velit fuga rerum et. Ipsam error, aperiam optio eaque et qui ipsum deserunt culpa eaque pariatur adipisci ut nostrum. Dolorem dignissimos at dolorum fugiat tempora officia fugiat quaerat a accusantium accusamus omnis reprehenderit iste. Delectus non, laborum exercitationem esse illum in dolor dicta unde nulla fuga dolore id blanditiis! Reprehenderit quisquam, ut quia aliquid error unde est omnis ex labore eos sint voluptatem sit. Sit quis dicta perspiciatis qui, doloremque sunt aliquam qui doloremque voluptatem et inventore deserunt aut. Consequuntur iste officiis ratione sit possimus reiciendis molestiae culpa iusto ad ducimus beatae aut natus. Numquam officiis magnam ipsum delectus est voluptatem maxime error laudantium perspiciatis aspernatur qui aut illum. Incidunt et error veritatis nulla pariatur voluptatem, unde adipisci minima sint omnis animi in natus! Non vitae ut, sit voluptas sit quas expedita inventore voluptatem illum assumenda dolor facilis soluta. Obcaecati omnis labore dolores in unde velit ut odit nulla velit fugiat necessitatibus repellat facere! Est nesciunt debitis inventore eos quisquam exercitationem autem ullam aut exercitationem autem sed sint sunt. Ratione accusantium eius quis ad quibusdam vel consequatur qui dolorem est omnis natus laudantium voluptas. Quam facere et possimus labore quidem dolorum quidem odit laborum omnis aut fugit aperiam et. Ratione illo exercitationem, fuga molestiae consequatur sed voluptatem eveniet aut ea optio nostrum ut magni? Rerum iusto ut sed dolorem, accusantium dolorum ex laboriosam omnis cumque error aspernatur perspiciatis aut! Voluptatem animi minima dicta vel itaque eos voluptatem officiis qui nobis dolorem eos atque quod.
Natus error maiores voluptatem culpa repellendus perspiciatis voluptatem omnis asperiores eligendi omnis sint vel consequatur. Omnis aliquid rerum explicabo, omnis et temporibus sunt sed veritatis qui sit molestias error beatae. Repellat et facilis aut, explicabo perspiciatis corporis quisquam aut ad pariatur aliquam repudiandae in doloremque. Debitis accusantium itaque aspernatur natus repudiandae voluptatibus iusto id doloribus nisi quod quia dolorem laborum! Eum ut totam aspernatur et error fugiat doloremque ut quam nemo quia voluptatum est ea. Error nostrum odio quis, id earum qui aliquam natus qui corporis dolorum similique quam minus.', 200, 2.88)
INSERT dbo.TProduct(product_id, name, description, unit_price, average_rating) VALUES (10, 'Goretex Jacket', 'Voluptate qui quasi nobis sed nam ducimus magni praesentium, et repellendus culpa libero qui nam. Laboriosam quam adipisci aut necessitatibus et est necessitatibus molestiae voluptatem cupiditate sint soluta distinctio exercitationem. Accusantium commodi est officia, totam veritatis magni et quod cum eaque odio sit sunt doloremque. Eligendi incidunt nemo aut fugit quibusdam et voluptatem et natus est nostrum sit expedita consequatur. Sunt velit sunt autem cumque officiis dignissimos quo qui consequuntur cum quae obcaecati porro iusto. Nisi voluptatibus omnis voluptatem omnis adipisci voluptas pariatur consectetur delectus rerum natus rerum laborum omnis. Maxime assumenda error recusandae enim laudantium eius, neque fugiat officiis aut vel quas minus nam. Quae blanditiis necessitatibus placeat sed esse voluptatem dicta omnis molestiae iste quidem et numquam temporibus! Reprehenderit quia quasi sit sint natus pariatur fugiat sit eius eaque dicta est veritatis voluptatem.
Temporibus velit odit ut eligendi commodi sequi sit explicabo et voluptatum repudiandae est sit excepturi. Et vero sequi quae et repellat magnam voluptatem tempore vel doloribus qui sunt similique dolorem! Soluta voluptatem accusantium est ut autem eaque error perferendis error commodi aliquam quia libero voluptates. Vel velit ipsum provident maxime, debitis blanditiis corrupti ut saepe voluptas nostrum quis ea omnis! Voluptate voluptates ut cumque, consequatur dolores natus eos laudantium voluptatem facere obcaecati fuga eligendi ut. Cumque vero perspiciatis error fugit aut omnis ut dolores sed eaque aut enim quas adipisci? Perspiciatis ut voluptas tempora sit sunt reprehenderit expedita autem quia tempora iusto ab libero nostrum; at ut ullam, distinctio veniam et provident fugit iste aut odio cupiditate exercitationem error delectus. Unde delectus cumque iste doloremque, quae reprehenderit perspiciatis voluptatem perspiciatis totam id omnis sit iste.
Et nihil aliquid, voluptate qui non sit asperiores ipsa officia repellendus voluptatem omnis ullam et. Reprehenderit non facere nam natus ducimus recusandae quibusdam molestiae aut maiores ut dignissimos sunt voluptatem. Consectetur unde ex et voluptatem error a alias qui error ab aut dolor est minus. Nobis aut voluptate, impedit asperiores iste dolorem dignissimos qui repellendus ipsa repudiandae minus enim reprehenderit; libero quia voluptatem et ut explicabo ut voluptatem sunt fuga sit, rerum consequatur itaque rerum. Quia recusandae et quidem velit ratione eos consectetur et repellat omnis culpa aut debitis non. Aut suscipit omnis ea ex modi tempore laboriosam aliquam tempora error quis unde ducimus perspiciatis. Reiciendis possimus voluptatum pariatur sit velit qui, nobis nisi omnis sed saepe porro quis reiciendis!', 4500, 1.51)
INSERT dbo.TProduct(product_id, name, description, unit_price, average_rating) VALUES (11, 'Wood                  ', 'Ea ipsam repudiandae voluptas sit similique sit iure et eius ratione eos id sequi distinctio. Doloremque sed maiores excepturi perspiciatis quos iste sint commodi pariatur, eveniet impedit voluptatem omnis porro! Quis similique sit at maiores impedit blanditiis incidunt illum eius itaque et blanditiis ut vero? Et in, totam facere ut deserunt illum sit omnis eum obcaecati fuga sit assumenda sit! Nemo necessitatibus beatae, ut qui omnis fuga sunt est omnis provident dolores doloremque quos consectetur. Voluptatibus eligendi tenetur fugit ab molestiae a voluptates natus veniam aut unde laudantium laboriosam omnis. Saepe quisquam dolore, qui unde iste sit voluptatibus accusantium enim voluptatem reprehenderit consequuntur sunt ullam. Distinctio et officia adipisci quia et, eveniet magnam molestiae in animi et eos quasi dolorem! Sequi facilis nam nihil quos ipsam in dolorem nihil consectetur ipsam error repellendus nesciunt rerum. Omnis numquam molestiae quia temporibus velit aliquid tempora voluptas soluta id cupiditate voluptatem totam maxime! Sed aut vitae ratione harum, vero enim quod saepe quam corrupti eius ex eos expedita. Eos consequuntur enim iste et quia et facere alias nostrum mollitia est pariatur est dignissimos; sunt natus sed quasi omnis ut et possimus itaque voluptate ipsa eius perspiciatis in eaque. Voluptatem alias sed vitae et repudiandae repellat magnam corrupti exercitationem enim sed nemo ullam esse; impedit quae, delectus alias modi natus sint voluptatum ut sequi maiores omnis repellendus magnam voluptatem; dolores placeat qui nam facere ullam nesciunt fugiat aut minima porro magnam vitae sed vitae. Eaque omnis natus cupiditate ratione aut non voluptas possimus autem nemo explicabo recusandae possimus in? Necessitatibus vel optio iste illo velit sit tempora quo et aut accusantium et at quisquam. Consequatur id eveniet, voluptas est repellendus debitis et harum iusto eos fugiat tempora placeat voluptatem. Molestiae in quis odit ex eaque debitis in quia sed voluptatibus laborum odit maxime consequuntur.
Earum omnis et consectetur eligendi est unde, omnis rerum et enim perspiciatis sapiente inventore ut; repellendus recusandae possimus ex error dolorem voluptatem molestiae atque consequuntur qui veritatis quae molestiae et? Quia quod, fugit eos itaque voluptate ratione enim tempore animi nemo libero voluptatem quaerat ipsa...', 6000, 3.79)
INSERT dbo.TProduct(product_id, name, description, unit_price, average_rating) VALUES (12, 'Pants', 'Voluptas magnam ipsa exercitationem maxime sed qui ex at rerum architecto enim rem suscipit voluptatem. Ipsa eum quis molestiae, vel asperiores et aut qui unde sed et architecto sed enim. Laborum beatae magni at quas ducimus laudantium aliquid hic quia quas est eum sit magni. Voluptas voluptate non voluptatum odit ut, quis vel modi quas id sit voluptatem perspiciatis amet. Alias ad enim reiciendis beatae omnis id unde aut qui architecto fuga ut est et. Omnis ducimus est omnis illum ea odio ipsam voluptates nobis laborum animi omnis error quasi. Cum incidunt, magnam labore voluptates quia et blanditiis aut est non omnis commodi ut corrupti; laudantium tempora officia accusantium non, qui voluptas sit quo dolores unde tenetur cumque ab blanditiis? Cupiditate qui ex voluptas est earum, reiciendis molestiae perferendis nam rerum aut consectetur necessitatibus amet; libero nulla non mollitia iste labore enim repudiandae suscipit reprehenderit expedita laborum distinctio omnis perspiciatis.
Nobis quibusdam consequuntur voluptatem quae dolor impedit ut et veniam consequuntur quo vel sequi unde. Omnis et, minus voluptas qui quod iusto hic repudiandae sed unde eaque autem libero rerum. Nisi sed sunt atque nisi aliquam laborum quam, omnis hic et voluptatem delectus saepe aut! Dolorem eos, cupiditate sapiente corrupti culpa aliquam consectetur accusamus sunt perspiciatis vel aut tempore eum. Magni natus sed nam deserunt recusandae dolorem illum ipsa soluta nihil ut voluptas quia distinctio. Unde possimus quia nesciunt architecto omnis animi ab quibusdam quia eaque iure ipsam et a. Nulla ratione ipsam fugit mollitia nihil neque eos perspiciatis accusamus mollitia dolor iste officia ut; quos eveniet sunt ab voluptates dolor a et minima unde dolores error eaque dolores unde. Hic non ullam a perspiciatis numquam voluptas in non omnis alias mollitia error sint aut; id assumenda fugit, rerum dolorem ducimus natus qui hic sit sed ea minus unde enim; at ab sunt et, qui rerum quia aliquam magni veritatis ipsum quis perspiciatis officia sed. Voluptates et aut corrupti et sed velit unde aut qui ut eaque possimus in sit! Nihil voluptate est, eum et qui quos harum dolorem autem tempora non delectus sed debitis. Architecto ipsam inventore et totam vel quia, doloremque illo aliquid pariatur recusandae aut dolorem voluptate; iste quasi fugit amet placeat eaque unde autem iste, dolores consectetur beatae voluptas officiis quae. Labore omnis molestiae quia unde ad necessitatibus eligendi accusantium qui placeat, asperiores expedita a ratione.', 1175.6923, 5)
INSERT dbo.TProduct(product_id, name, description, unit_price, average_rating) VALUES (13, 'Heineken', 'Quasi ut suscipit voluptatem ad fugit ut veritatis perspiciatis voluptatum ut tempore obcaecati unde id. Et maiores ut recusandae, inventore tempore error odio ullam nostrum assumenda et incidunt omnis et. Voluptas in qui reprehenderit velit magni facere dolorem magni enim quasi nisi fugiat unde porro! Nobis similique reprehenderit ea dolorem aliquam iste, omnis impedit consequatur accusantium vitae voluptatem dolores accusantium. Quod fugiat natus eius, eum voluptatem eos omnis autem ipsam pariatur exercitationem quaerat dolorem aliquam. Porro sequi repudiandae error voluptatum eos sed voluptatem eos non fugit aut repudiandae suscipit obcaecati. Eos unde nobis natus aliquid eos molestiae ea omnis aut voluptas soluta et sit sed. Vel eum quia repellat amet voluptatem, in earum ducimus porro expedita sed non natus quae! Qui voluptatibus quos magni vitae minima quam aspernatur et autem iure, consequatur unde nostrum est. Tempore expedita aperiam veritatis magni quia iste ab error sequi ea eaque quod eaque consequatur! Expedita natus nobis mollitia, repellendus incidunt illum sint enim neque fugit non quibusdam placeat ut? Et assumenda possimus cum et voluptatibus omnis, deserunt necessitatibus consequuntur in corrupti ut quae enim. Voluptas impedit animi ut et sint facere illum voluptatem molestiae est culpa qui distinctio officiis.
Maiores ea sit nobis voluptatibus aspernatur quidem atque delectus sunt deleniti harum est culpa aperiam. Sit eligendi et asperiores consequuntur sed dolor doloremque vel veritatis quibusdam minus quo harum blanditiis. Unde eos odit aut voluptatum natus eum eos est qui maxime perspiciatis, sunt voluptate qui? Nulla exercitationem quaerat voluptatem quia consequatur a est incidunt expedita dolor a ex cupiditate molestiae. Ab odio repellat, quia molestiae ex eaque veritatis voluptas qui rem possimus id autem est. Ea et mollitia, quod non ad aliquam excepturi incidunt molestiae aut qui eaque natus assumenda! Et illo voluptatem impedit in sit odit perspiciatis qui ratione sunt debitis est repellendus dignissimos.', 15, 3.94)
INSERT dbo.TProduct(product_id, name, description, unit_price, average_rating) VALUES (14, 'Shovel', 'Similique nemo quisquam laboriosam labore possimus consequatur, consequuntur nobis voluptatem sit sint officiis quam autem. Eos doloremque quae quia perspiciatis laboriosam omnis nihil et atque adipisci sed est ad ex. Unde repellendus quod laborum id dolor sit voluptate, dolores minus fugit ducimus expedita et id? Sunt dicta quae molestias, iure corporis earum nihil veniam ipsa at aliquid sed dolores omnis. Ipsa non perferendis unde sequi nemo qui ut soluta ut, blanditiis omnis magni cum eum. Sit tempora cumque quae, voluptatem placeat labore architecto cupiditate labore perspiciatis est architecto hic ut! Incidunt unde soluta et, perspiciatis facere necessitatibus unde totam voluptate quidem aut optio et libero? Veniam eum ut beatae qui natus rerum quia corrupti tenetur obcaecati molestiae ratione dolores non. Reprehenderit aliquam possimus id nemo et unde provident ut nam quis voluptatem, et error quas; quibusdam et animi deserunt pariatur est unde nisi ut sit aspernatur aliquam porro voluptates voluptatem. Sunt suscipit quas dolorem pariatur quasi saepe optio, rerum nemo est totam nulla sed dolorem. Quae placeat omnis aut mollitia omnis et culpa obcaecati voluptatibus aperiam error porro delectus sapiente. Est sunt amet unde sed natus quae ut perspiciatis, omnis explicabo cupiditate sequi porro quo. Ducimus culpa enim cum ut distinctio sed consequatur eveniet officia praesentium atque eaque eos quod! Laboriosam ducimus, sunt qui sed aut consequatur atque est dolorem est necessitatibus ullam velit et; quasi est esse quasi ad dolorem et provident vero et quia consequuntur tempore fugit perspiciatis. Facilis et, dignissimos dolorem sapiente fugit non harum et rerum in magni eius saepe unde! Dolor quo sequi, iusto beatae ut dolorem illo ipsum eligendi modi dicta necessitatibus consectetur iste.', 1918.4952, 5)
INSERT dbo.TProduct(product_id, name, description, unit_price, average_rating) VALUES (15, 'Matchbox', 'Officia ipsam debitis eveniet error ut quaerat vel in nobis ullam, id hic sed natus. Nulla deserunt ipsam, sit veniam modi et sed ut dolorem optio ut et rerum placeat. Sapiente minus earum harum, eos illum est autem tenetur sit a sit recusandae sit molestias. Suscipit labore illo quos totam eum architecto qui quisquam qui laborum ea delectus id soluta.
Velit est corporis qui voluptatem non exercitationem corporis repudiandae dolore et non voluptatum rerum perspiciatis. Voluptatem inventore veritatis nulla possimus aliquid nihil provident, voluptates reiciendis provident ut tempore illo ipsum! Enim mollitia voluptatem adipisci deserunt maxime sed perferendis aspernatur perspiciatis velit sit quae enim laudantium. Vel laborum numquam, veniam temporibus sed quis et vero beatae perferendis aut sequi eum et! Eos quia adipisci consectetur dignissimos qui blanditiis beatae nihil debitis omnis dignissimos accusamus eos iste. Nemo et eos corporis veritatis officia in minima velit voluptatibus aliquid rerum consequatur doloribus distinctio. Quaerat omnis reprehenderit voluptatem, esse dolorum ad fugit impedit veritatis sequi atque possimus sed eos; dolores dolor tenetur sapiente, et est unde voluptatem incidunt quidem sit omnis laboriosam minus dolores. Dolores aliquam asperiores optio omnis quis qui perferendis perspiciatis quo et unde aut ut velit. Eum quasi omnis ut sed id quae id numquam ab, illum magnam sed aliquid minima? Eaque quos vitae inventore adipisci fugiat officiis, dolorem voluptatem dolores accusamus alias et nesciunt dolorem.
Sunt velit neque eaque ut laboriosam quia error accusantium voluptates totam quisquam veniam consectetur ullam; omnis quia et rerum et totam numquam perspiciatis omnis et obcaecati ut quia saepe perspiciatis.', 20, 2.46)
INSERT dbo.TProduct(product_id, name, description, unit_price, average_rating) VALUES (16, 'Boots ', 'Ad quis et eos nostrum et magnam illo omnis earum sed in totam dolor fugit. Aut nisi voluptatibus quaerat qui est odio placeat animi sunt corrupti aut laborum libero minus. Expedita consequatur qui blanditiis aut et iste aut voluptatem sapiente vitae non sunt quo consectetur? Iste officiis est quia vitae labore velit repudiandae totam dolor quod quos nostrum rerum velit. Commodi porro quisquam illo ut ipsam et magni neque magnam eum magnam rerum doloremque voluptates. Non dicta inventore neque quae commodi error aliquid id blanditiis et accusantium ipsam beatae ducimus! Rerum ut corporis in repellat a sed cumque dolores qui ducimus vitae earum et id. Earum nisi ea veniam perferendis eaque quos qui suscipit veniam velit quidem aut provident tempora? Et consequatur perspiciatis est quam aliquam soluta quod laborum obcaecati sapiente repudiandae quo consequatur ex. Dolorem quis distinctio et at rerum id, quo aut dolor incidunt officiis ut rem voluptate! Error maiores magnam ipsum iusto voluptas dolores amet aut ut voluptatem in quaerat eum inventore. Vel esse, impedit iusto autem aperiam consectetur suscipit commodi voluptas quis dicta hic molestiae aut. Eos perspiciatis nihil pariatur perspiciatis ea ut sit perspiciatis recusandae reprehenderit sed sint quod fugiat. Harum inventore sunt porro eum maiores tempora et laborum et porro nostrum esse odit enim. Tempore autem sed et ut, minus quia in error et veniam corrupti quasi maxime aut; et enim officiis beatae, est corrupti exercitationem tempora repellat quia fuga error aut corrupti distinctio; veniam dolorem deserunt rerum qui hic veniam omnis quae molestiae voluptatem ducimus aut id dolorem. Omnis earum dolore beatae architecto ratione ut dicta repellendus veniam perspiciatis fugiat unde quaerat ipsam? Facere quia quaerat quia, eos quia perspiciatis quibusdam nostrum ratione non voluptatum laudantium mollitia dolorum! Incidunt ut quia quo officiis aut repudiandae laborum hic obcaecati nulla sequi deserunt maiores sit.
Error maxime ut, aut repellendus magni ea fugit recusandae sapiente sed accusamus facilis corporis sint. Error quasi enim adipisci deleniti unde consequatur excepturi dolorem corporis natus qui et dolorem vero; porro ut quis sit ipsa officiis dolore quidem aspernatur tempore distinctio explicabo est sit ut. Neque suscipit dolorem ut facilis quae doloremque voluptatem quos aliquid voluptatum distinctio est possimus ipsam? Odio omnis natus repellat omnis voluptatum quia ut et laborum ratione vel et minima officia. Totam omnis sit atque ratione soluta dolores ea amet sed voluptatem sint magnam consequatur sit; animi sed eos magni qui aliquid beatae ipsam dignissimos eos est corporis sit vel id. Ut odit voluptatem et esse sit recusandae voluptates ut quaerat aliquam saepe laudantium natus harum. Dolor et sed omnis qui et beatae rerum perspiciatis dolore sit dolores autem quia enim.', 600, 3.94)
INSERT dbo.TProduct(product_id, name, description, unit_price, average_rating) VALUES (17, 'Utility Knife ', 'Et alias i', 900, NULL)
EXEC(N'DECLARE @ptrval binary(16) SELECT @ptrval = TEXTPTR(description) FROM dbo.TProduct WHERE product_id = 17'
+ N' UPDATETEXT dbo.TProduct.description @ptrval NULL 0 ''n sint libero enim dolores voluptatum nisi aut obcaecati sit porro necessitatibus unde. Aliquam et maxime numquam enim tempore repellat aliquam unde sit veritatis rerum animi corrupti at; corrupti dolore esse dignissimos suscipit voluptas labore sapiente nihil deserunt in quia provident voluptas modi. Consequatur et sint ut modi molestiae quaerat et quis veniam et molestiae vero ex sit? Quaerat quo voluptates ut architecto aliquam rerum magnam in eveniet rerum, ducimus odit neque unde. Eaque exercitationem delectus placeat quia inventore et ea quam sed provident deleniti quia ipsum dicta? Consectetur quia quidem numquam sit aperiam consequatur et sit natus ratione accusantium rerum quia quaerat. Rerum nihil beatae, assumenda dolores assumenda vero et odio et aliquam blanditiis suscipit accusantium vero. Ad neque sit, voluptatem quaerat itaque est dicta et eos sed sit rem enim unde. Ullam ut natus dolores hic dolore voluptatem eos totam velit nesciunt amet omnis aut rem? Deleniti dicta dolorem earum beatae perspiciatis autem sed voluptas qui unde quis error reprehenderit ad. Quos libero numquam enim et deserunt nostrum eos aut laudantium sed temporibus nisi autem vero. Incidunt ut labore quia assumenda rem dolores quo sit corrupti ea sed perspiciatis porro tempore! Molestiae doloribus, perspiciatis minima aut vel at odit exercitationem temporibus ipsam neque nihil et voluptate. Non atque culpa laboriosam velit, aut ratione facere eaque exercitationem quis fuga ut et vel; nostrum qui, voluptas facilis voluptatibus id aperiam id sit aspernatur ipsum voluptatem ipsum provident aut. Ducimus doloremque sit, et quisquam ipsa ab et ut quibusdam id vero aut suscipit dignissimos! Et tenetur voluptas qui sunt soluta aperiam, sint commodi quia natus maxime velit eligendi amet; vero fugiat et ex asperiores qui ab sit tempore deleniti temporibus consequatur sit omnis provident. Quo voluptas ut, nesciunt quaerat fugiat eius est placeat qui sit sapiente quis consequatur saepe.
Quos placeat omnis laborum aspernatur eaque suscipit et dolorem enim explicabo obcaecati est aut nihil. Est non laboriosam rem et, sed reiciendis quis quod eligendi nam et sed eum dolor; magnam eum explicabo nostrum quo aut ut repellendus, ducimus minus quis vitae enim dicta nihil. Laudantium quod, molestias et accusamus amet pariatur soluta iste ipsa qui ipsum ut cum laboriosam! Possimus omnis harum placeat neque omnis deserunt vel quis corrupti consequatur iste qui perferendis quasi. Quia voluptas sequi eligendi et vitae quis molestiae omnis, vero quisquam et architecto blanditiis quia; error excepturi iste quasi sit neque cumque voluptas nihil placeat aspernatur nam error earum dicta; perspiciatis explicabo, sint quasi distinctio error quae iusto error itaque ipsam sed est iusto ut. Et aperiam dolorem sequi sint est nulla quis atque eveniet et consectetur aspernatur culpa rerum! Earum sapiente sint dolore laboriosam blanditiis, ut recusandae ipsam unde repellendus iste minima sint unde. Ab aut nisi voluptas harum, nesciunt recusandae voluptatem non porro unde exercitationem officiis numquam illo! Quisquam voluptatum id minus error ut maiores explicabo aut debitis sapiente consequatur aperiam animi qui. Ullam veritatis explicabo voluptatem hic aliquam perspiciatis nobis ratione doloremque quia soluta odit amet unde. Eum dicta nostrum architecto voluptatem id illo optio voluptatem eaque aut velit omnis minus iure. Qui voluptatem quaerat natus rerum eveniet, recusandae error animi quo esse placeat perspiciatis doloremque voluptatem! Aut voluptas molestias iure id sed ipsum commodi consequuntur omnis iste natus consectetur quia qui. Neque officiis et itaque non laudantium nihil similique et natus rerum sit sequi id molestiae.
Numquam obcaecati quia quis natus accusamus consequatur et facere corrupti error possimus nobis non saepe. Ut officiis enim neque qui ab facere ut et dolorem maiores illum ipsa sit quia. Aliquam recusandae atque laborum aut rem at quam quis ipsum '''
+ N' UPDATETEXT dbo.TProduct.description @ptrval NULL 0 ''sint consectetur ut et repudiandae? Dolorem natus dicta neque consequuntur sequi, aut quisquam voluptatem reprehenderit voluptas ut neque nulla expedita; officiis cupiditate sed qui quo eius est et harum blanditiis totam sit vel velit nostrum? Saepe rem nemo sit voluptatibus non quia earum omnis eligendi et id ipsum neque consequatur; blanditiis iure enim vero molestias animi qui voluptatem nemo aspernatur fuga porro architecto consequatur sequi. Dolorem molestiae maiores modi non voluptates nostrum adipisci vitae unde aut neque natus distinctio modi!''')
INSERT dbo.TProduct(product_id, name, description, unit_price, average_rating) VALUES (18, 'Goreteks Jacket ', 'Dolorem et', 2000, 0.06)
EXEC(N'DECLARE @ptrval binary(16) SELECT @ptrval = TEXTPTR(description) FROM dbo.TProduct WHERE product_id = 18'
+ N' UPDATETEXT dbo.TProduct.description @ptrval NULL 0 '' earum ut et saepe accusamus et sapiente perspiciatis neque autem iste molestias reprehenderit. Distinctio voluptatum sed et repellendus sed temporibus sit eos similique et dolores ut veritatis laborum. Sint voluptate mollitia sit dolor quidem optio, consectetur maxime velit dolorem earum animi omnis placeat! Omnis sit doloremque praesentium saepe impedit aut sit placeat dolor dicta eum sit ut voluptas. Quis sunt odio aut perspiciatis sit omnis quibusdam dolor laudantium esse id eum a enim? Iste error dicta quaerat ipsum, impedit dignissimos similique velit omnis voluptatem dignissimos aut sit esse. Laborum vero perspiciatis omnis quae quod explicabo est ea et quisquam nisi voluptatem beatae aut. Rerum voluptatem velit, voluptatem sint quae laudantium maiores distinctio tempore eos quia reiciendis at et. Nulla perferendis enim, fugit et dolor sit et distinctio omnis id facere quia aspernatur ex? Consequuntur neque sed minima libero saepe ex consequatur minus qui enim et iste eos esse. Voluptatem dolorem sed, quo reprehenderit qui ut sunt aut fugiat dolores est quia magnam incidunt! Qui aut sed quaerat pariatur hic voluptate eveniet laudantium sequi laboriosam officia vel corrupti optio. Quaerat quod rerum, totam ea ex dolores voluptatem quia eligendi quos molestiae culpa sit accusamus. Cupiditate laborum ipsa unde labore, voluptas dolores iure deserunt voluptas delectus ad et autem iste. Minima nostrum sed, odit autem dolorem ex sed quisquam placeat quod natus et saepe ipsum. Commodi hic nihil aliquam soluta ipsum rem perspiciatis quibusdam natus voluptas ut laboriosam molestiae vel...
Voluptatem sit porro, est distinctio natus mollitia est delectus optio nobis nisi consequatur ut est; voluptas quo suscipit, voluptatum delectus ea magnam expedita cupiditate ipsum corporis exercitationem atque tempora eum. Rerum dolorem expedita, dolores ad est qui id et natus quisquam voluptate delectus quia nesciunt. Ullam ducimus voluptatem voluptatum adipisci tempore in iste sed facere, ut voluptatem quo fuga amet! Ut vel sunt officia aliquam non sit autem sed voluptatem laudantium voluptas eius aut eum. Natus deserunt sed assumenda officiis iusto nam eos laudantium sunt dolorem eos ut expedita velit! Quae non consequatur, est sunt provident natus ut culpa deserunt aut perferendis et quis sit. Corporis quidem, rem nisi esse ex debitis est quas error ullam dolorum dolores fuga id. Quia repellat tempora et quis consequuntur et sunt et modi animi aut magni laborum natus? Tenetur illo sit minima cumque suscipit numquam unde odit aliquam ducimus eaque sit quae laborum. Vitae provident laudantium ut rerum consectetur et nam ut vitae est accusantium delectus natus beatae; ipsum est voluptatem est sunt non sed commodi sed ducimus quis sequi sed quibusdam ut. Exercitationem esse aliquam et ut illum sed sequi vero error veritatis nemo et architecto ut. Est vel reiciendis facilis omnis provident ducimus delectus voluptatem rerum quaerat eum assumenda veritatis commodi! Optio quo voluptas suscipit enim tempora voluptas natus temporibus animi officiis omnis sunt saepe nobis. Expedita enim magni, qui autem unde recusandae optio ut minima eaque dolorem error ut dicta? Quibusdam eos molestias harum quidem unde iste molestiae officia corporis assumenda provident sunt earum cum! Aut dicta id aut id qui rerum et quasi omnis quisquam rerum numquam error cum. Voluptatem unde voluptatem alias voluptatum aut ut perspiciatis beatae voluptate commodi necessitatibus, enim error voluptatem!
Voluptas deleniti voluptatibus recusandae expedita quasi officiis, aut id sunt magni deserunt et possimus aliquid; dicta consequatur iste placeat rerum non et quas delectus sit et rerum accusantium soluta id. Aut natus alias quia aliquam, itaque voluptate sed ut et quia omnis iste velit corporis! Aut omnis vitae quod iste et, mollitia quia harum sunt non odit sint illo veniam. Accusantium velit sed rem labore iusto error enim ex cupiditate placeat ea quisquam qui voluptate. Adip'''
+ N' UPDATETEXT dbo.TProduct.description @ptrval NULL 0 ''isci harum a illo vero modi ipsum nemo minima corporis dolores quo tempora nisi sunt. Non illum reiciendis quaerat sint unde voluptatem dignissimos doloremque natus quibusdam illum modi odio nihil! Veritatis voluptas dolores, qui omnis assumenda enim mollitia qui illo porro omnis at architecto explicabo; dolores beatae dolorem dolor et necessitatibus quibusdam voluptatem corporis non explicabo totam quae itaque ipsa; et aut omnis ut natus doloribus nobis officiis expedita autem aut aliquam ut sed quis. Et vero ducimus et, fuga deserunt perferendis accusamus sit excepturi iste officiis vel deserunt molestiae. Ipsum nam autem possimus qui enim nihil et magnam iure molestiae in eaque pariatur ullam.''')
INSERT dbo.TProduct(product_id, name, description, unit_price, average_rating) VALUES (19, 'Fanny pack           ', 'Neque atque tempora suscipit maxime ea et distinctio sed maiores blanditiis aspernatur suscipit ex sunt. Rerum sequi sed amet voluptas exercitationem natus deserunt quam voluptatum repudiandae est error voluptas ut! Obcaecati eius magni numquam sit molestias sit minima reiciendis accusamus nisi beatae doloremque error aut. Quisquam molestias quas iste accusamus voluptas ab et repellendus sit facilis optio vel error et. Modi sit, voluptas eveniet ea soluta aut impedit est corporis molestiae est omnis enim ut. Itaque quasi alias minima sit expedita culpa molestias quo dolor expedita inventore libero minima ut. In tenetur praesentium explicabo sunt nam aspernatur sint est consequuntur ea rem sequi possimus omnis? Esse totam perspiciatis ut rerum totam officia mollitia magnam et totam voluptatem aut ut excepturi. Voluptatem rem atque quo ipsam maiores ut iure dolorem adipisci rem aut animi qui suscipit! Facere soluta a veritatis libero ea maiores voluptatibus nam neque sit ipsum voluptas natus iure. Impedit eum ut fugiat ea iste aut aliquam suscipit unde est labore ducimus autem dolorem. Eveniet rerum necessitatibus temporibus reprehenderit sit, perspiciatis laboriosam dolorum modi aut voluptatem voluptas ut et. Ut porro quis tempore ut porro excepturi, eos natus delectus cum et ipsam quidem nesciunt. Ut aut consectetur possimus porro error qui accusantium cumque qui tenetur vero qui consequatur dolor! Tempora sapiente sit ut nostrum natus aut perferendis cupiditate accusamus natus ut sunt illo est. Nobis perspiciatis commodi consequatur asperiores nisi repudiandae cum repudiandae recusandae iusto illum ut in unde! Dolore quaerat, nihil nobis odio quas adipisci reprehenderit molestias aspernatur nostrum recusandae a aut quisquam. Enim maiores inventore magnam voluptatem, reiciendis eum id molestias reiciendis rerum excepturi eos possimus saepe. Veniam quaerat similique consequuntur magni, repellat id quo earum est non natus saepe ut sed. Accusantium omnis animi maxime ex ut sit, illum labore sit accusantium dolor veritatis sunt atque.', 710.3739, 3.59)
INSERT dbo.TProduct(product_id, name, description, unit_price, average_rating) VALUES (20, 'Flashlight', 'Atque voluptates nihil voluptas ut facilis laborum minima esse quia consequatur harum reprehenderit qui ut. Tempora iste, velit exercitationem veritatis ipsa voluptatibus expedita id odit beatae architecto veritatis iusto velit! Dolor minus tempore ut, beatae aliquid labore aut non fugiat qui porro nisi aut obcaecati. Id qui iure, perspiciatis optio natus itaque iusto dolor natus suscipit architecto molestiae aut ut. Omnis rerum et est nemo modi asperiores est ratione est iste numquam non tempore rerum. Laborum perspiciatis dolorum numquam sit, esse commodi minima dolore ea et autem libero nostrum voluptas; voluptatum omnis ullam ea omnis obcaecati aut nulla doloribus placeat veniam illo deserunt vel ab? Enim provident numquam qui ipsa consectetur maxime, enim qui a natus iste repellendus ex atque. Fugit voluptate qui doloribus unde sint officiis laboriosam enim velit voluptatem ad consequatur odio voluptatibus; doloremque deserunt praesentium veniam obcaecati quia velit ut necessitatibus quasi sunt veniam labore facilis ut. Sint eligendi nulla, ipsam aliquid et totam aut est voluptatem dolor at omnis commodi possimus; maxime sed dolorem, asperiores aspernatur enim rerum reiciendis et dolorum aut eaque doloremque repudiandae ut. Atque consectetur aut tempora dicta expedita ut, dignissimos vitae architecto soluta expedita aliquid voluptatem sit. Aut vitae velit omnis rerum distinctio possimus accusantium omnis quam natus autem dolorem sit rerum. Ab quam a quia unde tempore obcaecati et ut rerum iste voluptatum ullam sit incidunt! Sit maiores facilis inventore voluptatem enim et consectetur et necessitatibus quaerat ut nobis quia est. Perferendis omnis commodi velit vel ut iste iure itaque sequi ut obcaecati omnis rem enim! Aut voluptatem nostrum cum dolor vel voluptas omnis expedita sunt sit voluptatum sint soluta rem.
Est consequuntur explicabo architecto dolorem beatae et voluptas quisquam placeat omnis aut et maxime eos. Perspiciatis error consequuntur ad omnis exercitationem eum dicta nobis quo perferendis porro placeat a dolores; suscipit voluptatem illum et modi quis maxime architecto laudantium omnis voluptatem ab perspiciatis quo commodi. Illum earum est, ut dolorem architecto est iusto doloremque animi in error perspiciatis qui accusantium. Non voluptatum perferendis blanditiis pariatur animi ut omnis sit quisquam nam voluptatem id est aut!
Dolor ipsam aut non atque quia, ut voluptas eius ut in suscipit consequuntur architecto eaque. Voluptatem repellat eveniet consequatur quo perferendis suscipit, cupiditate nobis eaque obcaecati sed in quia ea; quod voluptas sunt, ex sit pariatur aperiam est dolorem omnis iste sit et iste tempore.',300, 5)
INSERT dbo.TProduct(product_id, name, description, unit_price, average_rating) VALUES (21, 'Walking stick             ', 'Qui officia ut, sequi et eum cumque ut non omnis itaque omnis numquam voluptates quas. Rerum optio beatae facilis dolorum similique voluptatem molestias optio iste velit nihil non pariatur sed. Sed vero soluta amet eos fugiat ipsam ut voluptates quidem omnis consequuntur nihil ut numquam! Fugiat nam itaque, sit ad fuga consequatur et quam ex est rerum sit quis accusamus. Ad dolores, minus totam est consectetur harum mollitia aliquam nihil omnis illum autem quasi ipsa! Commodi nesciunt facilis necessitatibus libero deserunt qui aut neque labore at explicabo omnis perspiciatis tempore. Repellat natus fugit qui quia rerum, aut voluptate sunt nesciunt molestias amet rem sunt consectetur. Voluptas eaque culpa inventore, eius ratione unde nisi voluptas minus qui architecto enim quasi accusamus. Rerum vitae ipsum repellendus beatae natus, quo libero officia rerum laboriosam id consequatur ipsum ullam. Ut pariatur minima natus ut quam aut ut, velit odit rerum dolore aut ipsa sed!
Ipsa aperiam, labore nam et sit et consequatur voluptatem ut commodi recusandae delectus beatae molestiae. Debitis id quia vel, nihil ut eveniet totam tenetur quis sequi voluptas ea qui sed. Sunt perspiciatis cum iste veritatis accusantium ratione repudiandae odio aut est ullam pariatur illo in. Omnis ut dolores vitae praesentium dolorem alias id qui minus ex a error aspernatur laborum. Suscipit officiis harum unde incidunt autem voluptas quae omnis similique qui aut sunt reiciendis sit! Repudiandae aut, voluptatum iure perspiciatis explicabo corrupti modi nesciunt tenetur perferendis nostrum id inventore porro. Sapiente minus consequatur non omnis exercitationem ratione et sit ut doloremque dicta id placeat quasi; velit ducimus iste et voluptatem dolorem ut vel ullam sit fuga error placeat similique quidem. Numquam beatae nostrum eius assumenda atque eos quia modi dignissimos et eaque id nobis et! Aspernatur nulla nam magnam expedita consequatur natus dolorum explicabo natus doloribus dolores quia laboriosam quis. Natus rerum earum corporis totam magnam fugiat tempore qui culpa quis aut qui minus perspiciatis.', 700, NULL)
GO
SET IDENTITY_INSERT dbo.TProduct OFF
GO

--
-- Inserting data into table dbo.TUser
--
INSERT dbo.TUser(email, first_name, last_name, address, zip_code, phone_no, total_paid) VALUES (N'GaleL_Elliott@example.com', 'Gale', 'Legg', '1862 Cedar Tree Blvd', '3315', '318-3177', 8506303.1059)
INSERT dbo.TUser(email, first_name, last_name, address, zip_code, phone_no, total_paid) VALUES (N'CletusAlford929@nowhere.com', 'Sisse', 'Noland', '14 Waterview Road', '3315', '867-0182', 6170941.3404)
INSERT dbo.TUser(email, first_name, last_name, address, zip_code, phone_no, total_paid) VALUES (N'Beatty@nowhere.com', 'Rodrick', 'Hinton', '635 Flintwood Circle', '4475', '353-7640', 671948.8884)
INSERT dbo.TUser(email, first_name, last_name, address, zip_code, phone_no, total_paid) VALUES (N'mftalix5377@nowhere.com', 'Kareem', 'Ritchey', '3178 East Edgewood Cir', '4312', '713-7376', 9482326.1914)
INSERT dbo.TUser(email, first_name, last_name, address, zip_code, phone_no, total_paid) VALUES (N'Erna.Clemons391@example.com', 'Petrine', 'Nolen', '1871 Hunting Hill Way', '7696', '540-5340', 7099522.4188)
INSERT dbo.TUser(email, first_name, last_name, address, zip_code, phone_no, total_paid) VALUES (N'AllenHeffner446@example.com', 'Jerrod', 'Ritchie', '3279 North Hunting Hill Court', '7696', '792-4178', 6031753.2828)
INSERT dbo.TUser(email, first_name, last_name, address, zip_code, phone_no, total_paid) VALUES (N'HaskinsA577@example.com', 'Nanna', 'Leggett', '818 Brentwood Parkway', '7249', '150-7747', 6145790.732)
INSERT dbo.TUser(email, first_name, last_name, address, zip_code, phone_no, total_paid) VALUES (N'Archer@example.com', 'Bitten', 'Noonan', '55 East Monument Pkwy', '2053', '892-6826', 197.7658)
INSERT dbo.TUser(email, first_name, last_name, address, zip_code, phone_no, total_paid) VALUES (N'Chappell@example.com', 'Celina', 'Bales', '1443 Front Blvd', '6632', '017-7809', 8739688.0135)
INSERT dbo.TUser(email, first_name, last_name, address, zip_code, phone_no, total_paid) VALUES (N'Britt@example.com', 'Hannah', 'Hirsch', '902 Burwood Blvd', '6341', '208-5894', 6555066.9225)
INSERT dbo.TUser(email, first_name, last_name, address, zip_code, phone_no, total_paid) VALUES (N'Connie.Logan@nowhere.com', 'Marlon', 'Ritter', '1147 W Buttonwood Way', '8100', '687-0905', 7063747.0768)
INSERT dbo.TUser(email, first_name, last_name, address, zip_code, phone_no, total_paid) VALUES (N'Gerald_R.Kinder@nowhere.com', 'Charlotte', 'Sepulveda', '369 S Buttonwood St', '4089', '933-4761', 3145048.1067)
INSERT dbo.TUser(email, first_name, last_name, address, zip_code, phone_no, total_paid) VALUES (N'RichBuckner86@example.com', 'Hilma', 'Norfleet', '2001 Hidden Glenwood Lane', '3396', '551-3435', 4201922.6042)
INSERT dbo.TUser(email, first_name, last_name, address, zip_code, phone_no, total_paid) VALUES (N'AntonySotelo@nowhere.com', 'Nicoline', 'Tucker', '2186 Red Hunting Hill Ct', '6080', '994-3446', 6043054.8669)
INSERT dbo.TUser(email, first_name, last_name, address, zip_code, phone_no, total_paid) VALUES (N'SophiaVallejo@nowhere.com', 'Alvilda', 'Lehman', '747 White Ironwood Way', '6080', '568-7359', 4338841.7128)
INSERT dbo.TUser(email, first_name, last_name, address, zip_code, phone_no, total_paid) VALUES (N'Sipes947@example.com', 'Agnete', 'Rivas', '416 North Farmview Ct', '8533', '444-1554', 1715900.018)
INSERT dbo.TUser(email, first_name, last_name, address, zip_code, phone_no, total_paid) VALUES (N'AndreaHopson4@nowhere.com', 'Sandra', 'Serna', '3369 Hidden Sharp Hill Loop', '8100', '225-7490', 7065018.4757)
INSERT dbo.TUser(email, first_name, last_name, address, zip_code, phone_no, total_paid) VALUES (N'hulgccma_eszyd@example.com', 'Birgith', 'Noriega', '26 SE Chapel Hill Rd', '5063', '379-9610', 6465090.8724)
INSERT dbo.TUser(email, first_name, last_name, address, zip_code, phone_no, total_paid) VALUES (N'Abbott@example.com', 'Matt', 'Hitchcock', '2396 Hidden Church Ln', '6293', '278-1497', 4256011.3567)
INSERT dbo.TUser(email, first_name, last_name, address, zip_code, phone_no, total_paid) VALUES (N'Josiah.Packard766@example.com', 'Rebecca', 'Tuggle', '921 North Rushwood Road', '3894', '129-7467', 4217.2942)
INSERT dbo.TUser(email, first_name, last_name, address, zip_code, phone_no, total_paid) VALUES (N'Pendergrass@example.com', 'Alice', 'Calhoun', '49 Social Ln', '1187', '632-6959', 2294534.801)
INSERT dbo.TUser(email, first_name, last_name, address, zip_code, phone_no, total_paid) VALUES (N'Barnard67@example.com', 'Dagmar', 'Rivera', '24 NE Stonewood Parkway', '8533', '588-9670', 9.5087)
INSERT dbo.TUser(email, first_name, last_name, address, zip_code, phone_no, total_paid) VALUES (N'Naia.Henson49@example.com', 'Cathrine', 'Gist', '2234 Rockwood Road', '4312', '014-6001', 326774.7361)
INSERT dbo.TUser(email, first_name, last_name, address, zip_code, phone_no, total_paid) VALUES (N'ClayBetz@example.com', 'Ned', 'Norman', '3603 Woodfort Cir', '4426', '945-9523', 2984350.6202)
INSERT dbo.TUser(email, first_name, last_name, address, zip_code, phone_no, total_paid) VALUES (N'Lawler@example.com', 'Alex', 'Lehmann', '237 S Sharp Hill Pkwy', '6028', '961-6604', 9020497.7386)
INSERT dbo.TUser(email, first_name, last_name, address, zip_code, phone_no, total_paid) VALUES (N'AgnesRaley6@example.com', 'Helen', 'Rivers', '212 NW Deepwood Loop', '6256', '898-5258', 7296.094)
INSERT dbo.TUser(email, first_name, last_name, address, zip_code, phone_no, total_paid) VALUES (N'Antoinette_Yoder@example.com', 'Virgil', 'Norris', '135 2nd Lane', '7098', '380-5541', 4220351.1703)
INSERT dbo.TUser(email, first_name, last_name, address, zip_code, phone_no, total_paid) VALUES (N'BerthaEchevarria68@example.com', 'Jane', 'Hobbs', '3936 West Deepwood Ct', '4816', '641-0501', 7109372.373)
INSERT dbo.TUser(email, first_name, last_name, address, zip_code, phone_no, total_paid) VALUES (N'Ackerman@example.com', 'Birte', 'Leigh', '48 North Sharp Hill Ct', '4078', '594-5122', 2817287.4691)
INSERT dbo.TUser(email, first_name, last_name, address, zip_code, phone_no, total_paid) VALUES (N'Annette.Furr695@nowhere.com', 'Rolf', 'Dooley', '509 Hidden Edgewood Road', '6028', '658-4982', 140.3807)
INSERT dbo.TUser(email, first_name, last_name, address, zip_code, phone_no, total_paid) VALUES (N'Arnoldo.Markley@example.com', 'Raleigh', 'Hobson', '1891 Riverview Ct', '6293', '075-4999', 3121296.3402)
INSERT dbo.TUser(email, first_name, last_name, address, zip_code, phone_no, total_paid) VALUES (N'DuaneOlds662@example.com', 'Elin', 'Ball', '608 Ski Hill Lane', '8533', '598-7109', 9425883.7349)
INSERT dbo.TUser(email, first_name, last_name, address, zip_code, phone_no, total_paid) VALUES (N'Kevin.R_Acker@example.com', 'Astrid', 'Givens', '364 NE Deepwood Ct', '8533', '807-4185', 5455569.9694)
INSERT dbo.TUser(email, first_name, last_name, address, zip_code, phone_no, total_paid) VALUES (N'Murrell@nowhere.com', 'Noe', 'Rizzo', '2118 North Church Ln', '7098', '515-2596', 2649235.1475)
INSERT dbo.TUser(email, first_name, last_name, address, zip_code, phone_no, total_paid) VALUES (N'Ali684@nowhere.com', 'Beate', 'Doran', '94 Quailwood Street', '7249', '778-5633', 4570184.7418)
INSERT dbo.TUser(email, first_name, last_name, address, zip_code, phone_no, total_paid) VALUES (N'xgqyzpbn.flsirgbmn@example.com', 'Harriet', 'Serrano', '3895 W Riverside Way', '7249', '117-6471', 6649720.3782)
INSERT dbo.TUser(email, first_name, last_name, address, zip_code, phone_no, total_paid) VALUES (N'rhtc4042@example.com', 'Magda', 'Leighton', '3961 Social Lane', '6098', '162-2479', 9167753.3857)
INSERT dbo.TUser(email, first_name, last_name, address, zip_code, phone_no, total_paid) VALUES (N'vfmvx7368@example.com', 'Jarrod', 'Calkins', '926 Mountain Ln', '1187', '785-9143', 6529420.2041)
INSERT dbo.TUser(email, first_name, last_name, address, zip_code, phone_no, total_paid) VALUES (N'Bravo9@nowhere.com', 'Hipolito', 'North', '922 Bayview Highway', '7953', '197-2663', 2812135.3742)
INSERT dbo.TUser(email, first_name, last_name, address, zip_code, phone_no, total_paid) VALUES (N'sewj6614@nowhere.com', 'Lincoln', 'Roach', '3899 SW Cedar Tree Pkwy', '5126', '537-9058', 3.1797)
INSERT dbo.TUser(email, first_name, last_name, address, zip_code, phone_no, total_paid) VALUES (N'Maren_Rinaldi@example.com', 'Arden', 'Gladden', '1762 South Mount Road', '7611', '754-6845', 1037913.806)
INSERT dbo.TUser(email, first_name, last_name, address, zip_code, phone_no, total_paid) VALUES (N'MonaRiley@nowhere.com', 'Keven', 'Ballard', '73 White Ironwood Highway', '6080', '383-8730', 965129.8518)
INSERT dbo.TUser(email, first_name, last_name, address, zip_code, phone_no, total_paid) VALUES (N'Jane.Ralston999@nowhere.com', 'Harriet', 'Norton', '912 Red Glenwood Ave', '6672', '449-5623', 5332923.5476)
INSERT dbo.TUser(email, first_name, last_name, address, zip_code, phone_no, total_paid) VALUES (N'gzch1645@example.com', 'Hulda', 'Roark', '857 Chapel Hill Highway', '4089', '420-3249', 941.2593)
INSERT dbo.TUser(email, first_name, last_name, address, zip_code, phone_no, total_paid) VALUES (N'Abraham@example.com', 'Andrea', 'Norwood', '1032 Riddle Hill Lane', '8100', '297-0185', 1638679.6488)
INSERT dbo.TUser(email, first_name, last_name, address, zip_code, phone_no, total_paid) VALUES (N'MarianneMcbee1@nowhere.com', 'Horacio', 'Hodge', '869 Rockwood Highway', '1463', '048-6424', 3.951)
INSERT dbo.TUser(email, first_name, last_name, address, zip_code, phone_no, total_paid) VALUES (N'AdolfoBuford@nowhere.com', 'Maibrit', 'Lemaster', '3715 Old Church Parkway', '8100', '835-6840', 9423300.4727)
INSERT dbo.TUser(email, first_name, last_name, address, zip_code, phone_no, total_paid) VALUES (N'Josue_Petrie@nowhere.com', 'Rikke', 'Turley', '2629 White Brentwood Street', '4426', '209-3664', 6247274.133)
INSERT dbo.TUser(email, first_name, last_name, address, zip_code, phone_no, total_paid) VALUES (N'Cromer@nowhere.com', 'Jensine', 'Sessions', '294 W Woodland Parkway', '2053', '142-2834', 1651549.477)
INSERT dbo.TUser(email, first_name, last_name, address, zip_code, phone_no, total_paid) VALUES (N'Anni_Nugent343@example.com', 'Adalberto', 'Hodges', '1591 East Flintwood Ct', '8533', '259-6119', 8311694.6636)
GO

--
-- Inserting data into table dbo.TCreditCard
--
INSERT dbo.TCreditCard(credit_card_no, email, cardholder_name, expiration, CCV) VALUES (N'6219030114829428', 'DuaneOlds662@example.com', 'Abraham Acevedo', '1970-01-04', 499)
INSERT dbo.TCreditCard(credit_card_no, email, cardholder_name, expiration, CCV) VALUES (N'6393761636051939', 'Naia.Henson49@example.com', 'Jacobine Lord', '1994-09-08', 964)
INSERT dbo.TCreditCard(credit_card_no, email, cardholder_name, expiration, CCV) VALUES (N'3569557052342652', 'Maren_Rinaldi@example.com', 'Agnethe Lind', '1970-01-08', 156)
INSERT dbo.TCreditCard(credit_card_no, email, cardholder_name, expiration, CCV) VALUES (N'6388319094617167', 'Pendergrass@example.com', 'Mary Beaudoin', '1977-12-08', 363)
INSERT dbo.TCreditCard(credit_card_no, email, cardholder_name, expiration, CCV) VALUES (N'5465638948752575', 'DuaneOlds662@example.com', 'Jason Blackmon', '2001-10-11', 110)
INSERT dbo.TCreditCard(credit_card_no, email, cardholder_name, expiration, CCV) VALUES (N'347583787596847', 'Cromer@nowhere.com', NULL, '1997-10-26', 791)
INSERT dbo.TCreditCard(credit_card_no, email, cardholder_name, expiration, CCV) VALUES (N'344261595389365', 'hulgccma_eszyd@example.com', 'Cæcilie Card', '2008-07-09', 791)
INSERT dbo.TCreditCard(credit_card_no, email, cardholder_name, expiration, CCV) VALUES (N'39000301492299', 'sewj6614@nowhere.com', 'Carroll Binder', '1985-03-20', 824)
INSERT dbo.TCreditCard(credit_card_no, email, cardholder_name, expiration, CCV) VALUES (N'6213004299221251', 'Beatty@nowhere.com', 'Maynard Brockman', '1979-10-09', 458)
INSERT dbo.TCreditCard(credit_card_no, email, cardholder_name, expiration, CCV) VALUES (N'3554742126190165', 'Barnard67@example.com', 'Hanne Charlton', '1991-01-14', 342)
INSERT dbo.TCreditCard(credit_card_no, email, cardholder_name, expiration, CCV) VALUES (N'30380484016407', 'BerthaEchevarria68@example.com', 'Frederikke Cartwright', '1971-10-01', 509)
INSERT dbo.TCreditCard(credit_card_no, email, cardholder_name, expiration, CCV) VALUES (N'6398396566636220', 'GaleL_Elliott@example.com', 'Fabian Dalton', '1979-04-23', 233)
INSERT dbo.TCreditCard(credit_card_no, email, cardholder_name, expiration, CCV) VALUES (N'30955940004285', 'gzch1645@example.com', 'Isreal Dougherty', '2009-03-10', 571)
INSERT dbo.TCreditCard(credit_card_no, email, cardholder_name, expiration, CCV) VALUES (N'38644647818955', 'AllenHeffner446@example.com', 'Forrest Babb', '1970-03-07', 349)
INSERT dbo.TCreditCard(credit_card_no, email, cardholder_name, expiration, CCV) VALUES (N'6378541446671780', 'Arnoldo.Markley@example.com', 'Augustine Corbin', '1971-02-19', 236)
INSERT dbo.TCreditCard(credit_card_no, email, cardholder_name, expiration, CCV) VALUES (N'379017043712501', 'AdolfoBuford@nowhere.com', 'Roland Rowan', '2017-11-14', 239)
INSERT dbo.TCreditCard(credit_card_no, email, cardholder_name, expiration, CCV) VALUES (N'4844611435105222', 'Anni_Nugent343@example.com', 'Alma Laporte', '1970-01-25', 466)
INSERT dbo.TCreditCard(credit_card_no, email, cardholder_name, expiration, CCV) VALUES (N'6228587668822793', 'MonaRiley@nowhere.com', 'Deandre Ortiz', '1970-10-03', 351)
INSERT dbo.TCreditCard(credit_card_no, email, cardholder_name, expiration, CCV) VALUES (N'6225351472624843', 'Josue_Petrie@nowhere.com', 'Inga Neville', '1974-08-31', 856)
INSERT dbo.TCreditCard(credit_card_no, email, cardholder_name, expiration, CCV) VALUES (N'6244897943913873', 'Connie.Logan@nowhere.com', 'Grant Ackerman', '1979-06-16', 613)
INSERT dbo.TCreditCard(credit_card_no, email, cardholder_name, expiration, CCV) VALUES (N'3543399198062253', 'Murrell@nowhere.com', 'Celina Ambrose', '1991-03-20', 866)
INSERT dbo.TCreditCard(credit_card_no, email, cardholder_name, expiration, CCV) VALUES (N'3539989793557099', 'ClayBetz@example.com', 'Frida Bratton', '1988-10-09', 970)
INSERT dbo.TCreditCard(credit_card_no, email, cardholder_name, expiration, CCV) VALUES (N'344240961646368', 'AllenHeffner446@example.com', 'Booker Jackson', '1993-12-11', 705)
INSERT dbo.TCreditCard(credit_card_no, email, cardholder_name, expiration, CCV) VALUES (N'4917747522028687', 'Archer@example.com', 'Gerd Jacobsen', '1992-06-27', 521)
INSERT dbo.TCreditCard(credit_card_no, email, cardholder_name, expiration, CCV) VALUES (N'345102876781160', 'Sipes947@example.com', 'Smilla Bond', '1970-01-10', 189)
INSERT dbo.TCreditCard(credit_card_no, email, cardholder_name, expiration, CCV) VALUES (N'6227534692308390', 'hulgccma_eszyd@example.com', 'Kelly Benner', '1991-12-15', 833)
INSERT dbo.TCreditCard(credit_card_no, email, cardholder_name, expiration, CCV) VALUES (N'4844822486652646', 'Connie.Logan@nowhere.com', 'Conny Capps', '1994-10-29', 740)
INSERT dbo.TCreditCard(credit_card_no, email, cardholder_name, expiration, CCV) VALUES (N'6389150953239002', 'Barnard67@example.com', 'James Leclair', '1993-02-16', 584)
INSERT dbo.TCreditCard(credit_card_no, email, cardholder_name, expiration, CCV) VALUES (N'5153607265552667', 'sewj6614@nowhere.com', 'Harriet Alston', '1982-03-21', 692)
INSERT dbo.TCreditCard(credit_card_no, email, cardholder_name, expiration, CCV) VALUES (N'6392229280103985', 'vfmvx7368@example.com', 'Jeanne Bain', '1971-05-15', 197)
INSERT dbo.TCreditCard(credit_card_no, email, cardholder_name, expiration, CCV) VALUES (N'5525408303712467', 'Kevin.R_Acker@example.com', 'Sally Babb', '1970-01-04', 893)
INSERT dbo.TCreditCard(credit_card_no, email, cardholder_name, expiration, CCV) VALUES (N'5525232972299279', 'ClayBetz@example.com', 'Cortez Becnel', '2019-08-26', 334)
INSERT dbo.TCreditCard(credit_card_no, email, cardholder_name, expiration, CCV) VALUES (N'30470104528830', 'Archer@example.com', 'Iris Alvarado', '1972-09-17', 223)
INSERT dbo.TCreditCard(credit_card_no, email, cardholder_name, expiration, CCV) VALUES (N'347625927436168', 'CletusAlford929@nowhere.com', 'Ian Falls', '2011-10-23', 577)
INSERT dbo.TCreditCard(credit_card_no, email, cardholder_name, expiration, CCV) VALUES (N'5514607551627581', 'Cromer@nowhere.com', 'Stanton Colbert', '2004-04-23', 973)
INSERT dbo.TCreditCard(credit_card_no, email, cardholder_name, expiration, CCV) VALUES (N'6246448975774805', 'Abraham@example.com', 'Carla Acker', '2015-07-23', 550)
INSERT dbo.TCreditCard(credit_card_no, email, cardholder_name, expiration, CCV) VALUES (N'349763845559460', 'mftalix5377@nowhere.com', 'Pedro Harley', '1991-07-21', 759)
INSERT dbo.TCreditCard(credit_card_no, email, cardholder_name, expiration, CCV) VALUES (N'30174605840443', 'Gerald_R.Kinder@nowhere.com', 'Ahmed Burkett', '1997-09-06', 807)
INSERT dbo.TCreditCard(credit_card_no, email, cardholder_name, expiration, CCV) VALUES (N'30120373055615', 'Cromer@nowhere.com', 'Sille Bobo', '1971-08-25', 415)
INSERT dbo.TCreditCard(credit_card_no, email, cardholder_name, expiration, CCV) VALUES (N'6391372132192995', 'Sipes947@example.com', 'Darrin Downey', '1989-09-12', 484)
INSERT dbo.TCreditCard(credit_card_no, email, cardholder_name, expiration, CCV) VALUES (N'5263219638335254', 'Gerald_R.Kinder@nowhere.com', 'Sherwood Moody', '2014-07-04', 680)
INSERT dbo.TCreditCard(credit_card_no, email, cardholder_name, expiration, CCV) VALUES (N'341012592279825', 'Annette.Furr695@nowhere.com', 'Laurence Deloach', '1970-02-07', 189)
INSERT dbo.TCreditCard(credit_card_no, email, cardholder_name, expiration, CCV) VALUES (N'5291497446982055', 'ClayBetz@example.com', 'Malou Cameron', '1970-01-13', 993)
INSERT dbo.TCreditCard(credit_card_no, email, cardholder_name, expiration, CCV) VALUES (N'4913249879091651', 'Connie.Logan@nowhere.com', 'Abraham Berryman', '2017-03-07', 347)
INSERT dbo.TCreditCard(credit_card_no, email, cardholder_name, expiration, CCV) VALUES (N'6398557355686482', 'rhtc4042@example.com', NULL, '1993-02-18', 610)
INSERT dbo.TCreditCard(credit_card_no, email, cardholder_name, expiration, CCV) VALUES (N'30058131166474', 'Barnard67@example.com', 'Abe Addison', '1998-01-23', 689)
INSERT dbo.TCreditCard(credit_card_no, email, cardholder_name, expiration, CCV) VALUES (N'3568131805054252', 'Abraham@example.com', NULL, '1970-11-03', 614)
INSERT dbo.TCreditCard(credit_card_no, email, cardholder_name, expiration, CCV) VALUES (N'4405870361692642', 'AllenHeffner446@example.com', 'Petrine Neumann', '1995-06-11', 416)
INSERT dbo.TCreditCard(credit_card_no, email, cardholder_name, expiration, CCV) VALUES (N'6218259927495496', 'MarianneMcbee1@nowhere.com', 'Charlotte Tang', '1971-03-16', 801)
INSERT dbo.TCreditCard(credit_card_no, email, cardholder_name, expiration, CCV) VALUES (N'30456898197916', 'Bravo9@nowhere.com', 'Abe Prosser', '1993-06-30', 207)
GO

--
-- Inserting data into table dbo.TInvoice
--
SET IDENTITY_INSERT dbo.TInvoice ON
GO
INSERT dbo.TInvoice(invoice_id, date, vat, total_price, email, credit_card_no) VALUES (1, '1993-06-15', 17, 147, 'ClayBetz@example.com', '3569557052342652')
INSERT dbo.TInvoice(invoice_id, date, vat, total_price, email, credit_card_no) VALUES (2, '1979-02-11', 17, 608, 'Britt@example.com', '344240961646368')
INSERT dbo.TInvoice(invoice_id, date, vat, total_price, email, credit_card_no) VALUES (3, '1983-01-15', 22, 402, 'Pendergrass@example.com', '6228587668822793')
INSERT dbo.TInvoice(invoice_id, date, vat, total_price, email, credit_card_no) VALUES (4, '1992-10-21', 23, 1873, 'BerthaEchevarria68@example.com', '341012592279825')
INSERT dbo.TInvoice(invoice_id, date, vat, total_price, email, credit_card_no) VALUES (5, '2007-03-22', 12, 1295, 'Murrell@nowhere.com', '6244897943913873')
INSERT dbo.TInvoice(invoice_id, date, vat, total_price, email, credit_card_no) VALUES (6, '2010-07-15', 10, 835, 'AntonySotelo@nowhere.com', '30058131166474')
INSERT dbo.TInvoice(invoice_id, date, vat, total_price, email, credit_card_no) VALUES (7, '1976-07-03', 22, 1696, 'RichBuckner86@example.com', '6392229280103985')
INSERT dbo.TInvoice(invoice_id, date, vat, total_price, email, credit_card_no) VALUES (8, '1991-11-18', 21, 1219, 'Bravo9@nowhere.com', '6228587668822793')
INSERT dbo.TInvoice(invoice_id, date, vat, total_price, email, credit_card_no) VALUES (9, '1989-01-02', 16, 1874, 'Gerald_R.Kinder@nowhere.com', '6225351472624843')
INSERT dbo.TInvoice(invoice_id, date, vat, total_price, email, credit_card_no) VALUES (10, '1971-11-05', 10, 922, 'Josiah.Packard766@example.com', '3568131805054252')
INSERT dbo.TInvoice(invoice_id, date, vat, total_price, email, credit_card_no) VALUES (11, '1970-01-07', 17, 1606, 'Archer@example.com', '30120373055615')
INSERT dbo.TInvoice(invoice_id, date, vat, total_price, email, credit_card_no) VALUES (12, '1986-04-21', 14, 1454, 'mftalix5377@nowhere.com', '3569557052342652')
INSERT dbo.TInvoice(invoice_id, date, vat, total_price, email, credit_card_no) VALUES (13, '1975-04-12', 18, 137, 'Arnoldo.Markley@example.com', '4844822486652646')
INSERT dbo.TInvoice(invoice_id, date, vat, total_price, email, credit_card_no) VALUES (14, '1973-12-28', 25, 1983, 'Antoinette_Yoder@example.com', '30380484016407')
INSERT dbo.TInvoice(invoice_id, date, vat, total_price, email, credit_card_no) VALUES (15, '2007-01-19', 24, 870, 'Ackerman@example.com', '3554742126190165')
INSERT dbo.TInvoice(invoice_id, date, vat, total_price, email, credit_card_no) VALUES (16, '1972-04-28', 13, 697, 'Kevin.R_Acker@example.com', '6225351472624843')
INSERT dbo.TInvoice(invoice_id, date, vat, total_price, email, credit_card_no) VALUES (17, '2006-12-14', 13, 972, 'AgnesRaley6@example.com', '6393761636051939')
INSERT dbo.TInvoice(invoice_id, date, vat, total_price, email, credit_card_no) VALUES (18, '1979-12-11', 16, 661, 'vfmvx7368@example.com', '347625927436168')
INSERT dbo.TInvoice(invoice_id, date, vat, total_price, email, credit_card_no) VALUES (19, '2017-04-11', 13, 961, 'Kevin.R_Acker@example.com', '5153607265552667')
INSERT dbo.TInvoice(invoice_id, date, vat, total_price, email, credit_card_no) VALUES (20, '2010-09-12', 19, 677, 'RichBuckner86@example.com', '4917747522028687')
INSERT dbo.TInvoice(invoice_id, date, vat, total_price, email, credit_card_no) VALUES (21, '2016-02-27', 22, 1440, 'BerthaEchevarria68@example.com', '38644647818955')
INSERT dbo.TInvoice(invoice_id, date, vat, total_price, email, credit_card_no) VALUES (22, '2016-01-10', 19, 1226, 'CletusAlford929@nowhere.com', '3554742126190165')
INSERT dbo.TInvoice(invoice_id, date, vat, total_price, email, credit_card_no) VALUES (23, '1999-03-28', 20, 103, 'xgqyzpbn.flsirgbmn@example.com', '30470104528830')
INSERT dbo.TInvoice(invoice_id, date, vat, total_price, email, credit_card_no) VALUES (24, '1972-05-17', 20, 1699, 'AdolfoBuford@nowhere.com', '6398396566636220')
INSERT dbo.TInvoice(invoice_id, date, vat, total_price, email, credit_card_no) VALUES (25, '1970-01-07', 19, 934, 'Jane.Ralston999@nowhere.com', '6378541446671780')
INSERT dbo.TInvoice(invoice_id, date, vat, total_price, email, credit_card_no) VALUES (26, '2000-05-06', 24, 1830, 'AgnesRaley6@example.com', '347625927436168')
INSERT dbo.TInvoice(invoice_id, date, vat, total_price, email, credit_card_no) VALUES (27, '1977-03-03', 22, 520, 'Maren_Rinaldi@example.com', '5525232972299279')
INSERT dbo.TInvoice(invoice_id, date, vat, total_price, email, credit_card_no) VALUES (28, '1974-05-31', 24, 656, 'HaskinsA577@example.com', '6244897943913873')
INSERT dbo.TInvoice(invoice_id, date, vat, total_price, email, credit_card_no) VALUES (29, '1983-07-16', 24, 372, 'HaskinsA577@example.com', '347625927436168')
INSERT dbo.TInvoice(invoice_id, date, vat, total_price, email, credit_card_no) VALUES (30, '1970-01-12', 20, 728, 'Gerald_R.Kinder@nowhere.com', '6246448975774805')
INSERT dbo.TInvoice(invoice_id, date, vat, total_price, email, credit_card_no) VALUES (31, '2006-12-11', 12, 184, 'SophiaVallejo@nowhere.com', '5465638948752575')
INSERT dbo.TInvoice(invoice_id, date, vat, total_price, email, credit_card_no) VALUES (32, '1984-12-19', 24, 1521, 'Britt@example.com', '379017043712501')
INSERT dbo.TInvoice(invoice_id, date, vat, total_price, email, credit_card_no) VALUES (33, '1985-02-26', 11, 1280, 'Kevin.R_Acker@example.com', '39000301492299')
INSERT dbo.TInvoice(invoice_id, date, vat, total_price, email, credit_card_no) VALUES (34, '2019-03-14', 15, 1547, 'Ali684@nowhere.com', '4913249879091651')
INSERT dbo.TInvoice(invoice_id, date, vat, total_price, email, credit_card_no) VALUES (35, '1989-05-25', 18, 1239, 'gzch1645@example.com', '3554742126190165')
INSERT dbo.TInvoice(invoice_id, date, vat, total_price, email, credit_card_no) VALUES (36, '1972-06-15', 13, 1014, 'AllenHeffner446@example.com', '3539989793557099')
INSERT dbo.TInvoice(invoice_id, date, vat, total_price, email, credit_card_no) VALUES (37, '1990-06-12', 21, 1742, 'Bravo9@nowhere.com', '6219030114829428')
INSERT dbo.TInvoice(invoice_id, date, vat, total_price, email, credit_card_no) VALUES (38, '2001-11-24', 18, 1896, 'Cromer@nowhere.com', '5263219638335254')
INSERT dbo.TInvoice(invoice_id, date, vat, total_price, email, credit_card_no) VALUES (39, '2019-03-11', 15, 1413, 'Josue_Petrie@nowhere.com', '30955940004285')
INSERT dbo.TInvoice(invoice_id, date, vat, total_price, email, credit_card_no) VALUES (40, '1997-12-17', 10, 1781, 'AllenHeffner446@example.com', '5263219638335254')
INSERT dbo.TInvoice(invoice_id, date, vat, total_price, email, credit_card_no) VALUES (41, '1994-07-03', 17, 1106, 'hulgccma_eszyd@example.com', '5465638948752575')
INSERT dbo.TInvoice(invoice_id, date, vat, total_price, email, credit_card_no) VALUES (42, '1970-03-03', 11, 1395, 'Antoinette_Yoder@example.com', '6392229280103985')
INSERT dbo.TInvoice(invoice_id, date, vat, total_price, email, credit_card_no) VALUES (43, '1976-05-03', 22, 1266, 'Naia.Henson49@example.com', '3569557052342652')
INSERT dbo.TInvoice(invoice_id, date, vat, total_price, email, credit_card_no) VALUES (44, '1995-11-01', 19, 519, 'sewj6614@nowhere.com', '4913249879091651')
INSERT dbo.TInvoice(invoice_id, date, vat, total_price, email, credit_card_no) VALUES (45, '1991-07-17', 14, 985, 'SophiaVallejo@nowhere.com', '6388319094617167')
INSERT dbo.TInvoice(invoice_id, date, vat, total_price, email, credit_card_no) VALUES (46, '2006-06-14', 19, 1379, 'vfmvx7368@example.com', '345102876781160')
INSERT dbo.TInvoice(invoice_id, date, vat, total_price, email, credit_card_no) VALUES (47, '2000-10-18', 22, 1151, 'Cromer@nowhere.com', '347625927436168')
INSERT dbo.TInvoice(invoice_id, date, vat, total_price, email, credit_card_no) VALUES (48, '1977-05-07', 20, 290, 'Maren_Rinaldi@example.com', '6246448975774805')
INSERT dbo.TInvoice(invoice_id, date, vat, total_price, email, credit_card_no) VALUES (49, '1977-08-10', 16, 1241, 'AndreaHopson4@nowhere.com', '5291497446982055')
INSERT dbo.TInvoice(invoice_id, date, vat, total_price, email, credit_card_no) VALUES (50, '1980-12-21', 15, 877, 'Barnard67@example.com', '4917747522028687')
GO
SET IDENTITY_INSERT dbo.TInvoice OFF
GO

--
-- Inserting data into table dbo.TInvoice_line
--
SET IDENTITY_INSERT dbo.TInvoice_line ON
GO
INSERT dbo.TInvoice_line(invoice_line_id, product_id, invoice_id, price, quantity) VALUES (1, 13, 22, 294.8076, 7)
INSERT dbo.TInvoice_line(invoice_line_id, product_id, invoice_id, price, quantity) VALUES (2, 2, 1, 520.3599, 6)
INSERT dbo.TInvoice_line(invoice_line_id, product_id, invoice_id, price, quantity) VALUES (3, 15, 27, 1287.0349, 8)
INSERT dbo.TInvoice_line(invoice_line_id, product_id, invoice_id, price, quantity) VALUES (4, 19, 22, 1353.487, 54)
INSERT dbo.TInvoice_line(invoice_line_id, product_id, invoice_id, price, quantity) VALUES (5, 1, 39, 938.2585, 11)
INSERT dbo.TInvoice_line(invoice_line_id, product_id, invoice_id, price, quantity) VALUES (6, 10, 30, 1410.058, 7)
INSERT dbo.TInvoice_line(invoice_line_id, product_id, invoice_id, price, quantity) VALUES (7, 9, 46, 930.5099, 80)
INSERT dbo.TInvoice_line(invoice_line_id, product_id, invoice_id, price, quantity) VALUES (8, 21, 38, 1827.7154, 31)
INSERT dbo.TInvoice_line(invoice_line_id, product_id, invoice_id, price, quantity) VALUES (9, 3, 17, 1501.3422, 20)
INSERT dbo.TInvoice_line(invoice_line_id, product_id, invoice_id, price, quantity) VALUES (10, 18, 46, 1547.2157, 79)
INSERT dbo.TInvoice_line(invoice_line_id, product_id, invoice_id, price, quantity) VALUES (11, 8, 48, 461.8675, 75)
INSERT dbo.TInvoice_line(invoice_line_id, product_id, invoice_id, price, quantity) VALUES (12, 3, 16, 414.4612, 81)
INSERT dbo.TInvoice_line(invoice_line_id, product_id, invoice_id, price, quantity) VALUES (13, 2, 3, 894.3264, 78)
INSERT dbo.TInvoice_line(invoice_line_id, product_id, invoice_id, price, quantity) VALUES (14, 2, 10, 720.971, 15)
INSERT dbo.TInvoice_line(invoice_line_id, product_id, invoice_id, price, quantity) VALUES (15, 3, 43, 823.8435, 28)
INSERT dbo.TInvoice_line(invoice_line_id, product_id, invoice_id, price, quantity) VALUES (16, 2, 47, 947.417, 60)
INSERT dbo.TInvoice_line(invoice_line_id, product_id, invoice_id, price, quantity) VALUES (17, 16, 23, 471.2838, 2)
INSERT dbo.TInvoice_line(invoice_line_id, product_id, invoice_id, price, quantity) VALUES (18, 12, 8, 145.2989, 19)
INSERT dbo.TInvoice_line(invoice_line_id, product_id, invoice_id, price, quantity) VALUES (19, 5, 32, 1707.6214, 78)
INSERT dbo.TInvoice_line(invoice_line_id, product_id, invoice_id, price, quantity) VALUES (20, 21, 45, 1270.674, 75)
INSERT dbo.TInvoice_line(invoice_line_id, product_id, invoice_id, price, quantity) VALUES (21, 17, 1, 125.0182, 4)
INSERT dbo.TInvoice_line(invoice_line_id, product_id, invoice_id, price, quantity) VALUES (22, 3, 36, 1437.8708, 1)
INSERT dbo.TInvoice_line(invoice_line_id, product_id, invoice_id, price, quantity) VALUES (23, 18, 8, 1352.5502, 86)
INSERT dbo.TInvoice_line(invoice_line_id, product_id, invoice_id, price, quantity) VALUES (24, 16, 12, 1804.1325, 30)
INSERT dbo.TInvoice_line(invoice_line_id, product_id, invoice_id, price, quantity) VALUES (25, 7, 24, 887.4569, 90)
INSERT dbo.TInvoice_line(invoice_line_id, product_id, invoice_id, price, quantity) VALUES (26, 7, 27, 1499.8616, 41)
INSERT dbo.TInvoice_line(invoice_line_id, product_id, invoice_id, price, quantity) VALUES (27, 20, 34, 308.1375, 25)
INSERT dbo.TInvoice_line(invoice_line_id, product_id, invoice_id, price, quantity) VALUES (28, 16, 15, 1713.5851, 27)
INSERT dbo.TInvoice_line(invoice_line_id, product_id, invoice_id, price, quantity) VALUES (29, 15, 12, 1526.3251, 3)
INSERT dbo.TInvoice_line(invoice_line_id, product_id, invoice_id, price, quantity) VALUES (30, 6, 21, 220.7191, 41)
INSERT dbo.TInvoice_line(invoice_line_id, product_id, invoice_id, price, quantity) VALUES (31, 15, 2, 948.7251, 50)
INSERT dbo.TInvoice_line(invoice_line_id, product_id, invoice_id, price, quantity) VALUES (32, 8, 44, 1924.9409, 65)
INSERT dbo.TInvoice_line(invoice_line_id, product_id, invoice_id, price, quantity) VALUES (33, 3, 17, 450.5349, 11)
INSERT dbo.TInvoice_line(invoice_line_id, product_id, invoice_id, price, quantity) VALUES (34, 1, 9, 915.8527, 71)
INSERT dbo.TInvoice_line(invoice_line_id, product_id, invoice_id, price, quantity) VALUES (35, 5, 7, 1413.0411, 63)
INSERT dbo.TInvoice_line(invoice_line_id, product_id, invoice_id, price, quantity) VALUES (36, 4, 34, 247.4664, 6)
INSERT dbo.TInvoice_line(invoice_line_id, product_id, invoice_id, price, quantity) VALUES (37, 7, 44, 1894.7032, 20)
INSERT dbo.TInvoice_line(invoice_line_id, product_id, invoice_id, price, quantity) VALUES (38, 20, 40, 1121.2542, 97)
INSERT dbo.TInvoice_line(invoice_line_id, product_id, invoice_id, price, quantity) VALUES (39, 17, 6, 781.9604, 22)
INSERT dbo.TInvoice_line(invoice_line_id, product_id, invoice_id, price, quantity) VALUES (40, 17, 34, 1721.5922, 37)
INSERT dbo.TInvoice_line(invoice_line_id, product_id, invoice_id, price, quantity) VALUES (41, 18, 25, 1073.2515, 96)
INSERT dbo.TInvoice_line(invoice_line_id, product_id, invoice_id, price, quantity) VALUES (42, 6, 14, 366.1952, 28)
INSERT dbo.TInvoice_line(invoice_line_id, product_id, invoice_id, price, quantity) VALUES (43, 20, 9, 492.547, 37)
INSERT dbo.TInvoice_line(invoice_line_id, product_id, invoice_id, price, quantity) VALUES (44, 6, 50, 169.4027, 96)
INSERT dbo.TInvoice_line(invoice_line_id, product_id, invoice_id, price, quantity) VALUES (45, 11, 3, 585.4423, 12)
INSERT dbo.TInvoice_line(invoice_line_id, product_id, invoice_id, price, quantity) VALUES (46, 7, 35, 263.1762, 42)
INSERT dbo.TInvoice_line(invoice_line_id, product_id, invoice_id, price, quantity) VALUES (47, 5, 47, 711.0305, 85)
INSERT dbo.TInvoice_line(invoice_line_id, product_id, invoice_id, price, quantity) VALUES (48, 2, 47, 1758.867, 99)
INSERT dbo.TInvoice_line(invoice_line_id, product_id, invoice_id, price, quantity) VALUES (49, 4, 8, 710.888, 8)
INSERT dbo.TInvoice_line(invoice_line_id, product_id, invoice_id, price, quantity) VALUES (50, 4, 25, 391.8323, 82)
GO
SET IDENTITY_INSERT dbo.TInvoice_line OFF
GO

--
-- Inserting data into table dbo.TRating
--
INSERT dbo.TRating(product_id, email, rating, comment) VALUES (5, N'HaskinsA577@example.com', 4, 'That is to say a huge improvement of the strategic decision provides a deep insight into the conceptual design.  ')
INSERT dbo.TRating(product_id, email, rating, comment) VALUES (9, N'Chappell@example.com', 5, 'Speaking about comparison of the center of the comprehensive set of policy statements and primary element, components of the production cycle highlights the importance of an importance of the primary element.  
One cannot possibly accept the fact that the example of the corporate asset growth may motivate developers to work out the entity integrity. It may reveal how the independent knowledge briefly the conceptual design the more operating speed model of the overall scores.  
Throughout the investigation of the remainder of the final phase, it was noted that a lot of effort has been invested into the overall scores. By all means, aspects of the key principles impacts automatically on every valuable information. In respect of in the context of key principles must stay true to what can be classified as the entity integrity.  
As a matter of fact the emergency planning the operating speed model the high performance of the entire picture.  
Notwithstanding that the exceptional results of the continuing hierarchy doctrine has become even more significant for the irrelevance of network.  
One cannot deny that the possibility of achieving the interpretation of the operating speed model, as far as the key factor is questionable, the questionable thesis the basic reason of the final draft and what can be classified as the interconnection of sources and influences of the software engineering concepts and practices with productivity boosting.  
Resulting from review or analysis of threats and opportunities, we can presume that a significant portion of the strategic decision becomes even more complex when compared with the strategic management. Such tendency may methodically originate from the product design and development.  
One should, however, not forget that some of the basic feature facilitates access to the structure absorption. This seems to be a ridiculously obvious step towards the sources and influences of the optimization scenario.  ')
INSERT dbo.TRating(product_id, email, rating, comment) VALUES (18, N'hulgccma_eszyd@example.com', 0, 'Keeping in mind that a lot of effort has been invested into the relational approach. We must bear in mind that in terms of the deep analysis presumably illustrates the utter importance of the minor details of application rules.  ')
INSERT dbo.TRating(product_id, email, rating, comment) VALUES (4, N'mftalix5377@nowhere.com', 5, NULL)
INSERT dbo.TRating(product_id, email, rating, comment) VALUES (7, N'Archer@example.com', 3, 'Which seems to confirm the idea that any further consideration commits resources to the first-class package. Thus a complete understanding is missing.  
Let''s consider, that a surprising flexibility in with the exception of the interconnection of application rules with productivity boosting benefits from permanent interrelation with any critical thinking. This may be done through the best practice patterns.  
Keeping in mind that a key factor of the deep analysis should correlate with the preliminary action plan.  
One should, however, not forget that the initial progress in the existing network will possibly result in the task analysis. The financing is quite a different matter.  
In particular, aspects of the deep analysis leads us to a clear understanding of the storage area or the task analysis.  
Let it not be said that the lack of knowledge of violations of the task analysis may motivate developers to work out the program functionality. This seems to be a financially obvious step towards the accordingly developed techniques.  ')
INSERT dbo.TRating(product_id, email, rating, comment) VALUES (8, N'Britt@example.com', 2, 'One way or another, the progress of the big impact stimulates development of complete failure of the supposed theory.  
What is more, either continuing support or major decisions, that lie behind the design patterns gives rise to the irrelevance of aspect.  
Remembering that some part of the mechanism must take into account the possibility of the irrelevance of notion.  
Let''s not forget that discussions of the internal policy is getting more complicated against the backdrop of the critical acclaim of the or the constructive criticism.  
In any case, a surprising flexibility in an overview of the change of marketing strategy may motivate developers to work out the content strategy or the competitive development and manufacturing.  ')
INSERT dbo.TRating(product_id, email, rating, comment) VALUES (3, N'Erna.Clemons391@example.com', 1, 'One should, nevertheless, consider that the unification of the existing network makes no difference to the directly developed techniques. It should rather be regarded as an integral part of the optimization scenario.  
On the contrary, the potential role models poses problems and challenges for both the structural comparison, based on sequence analysis and the individual elements on a modern economy. So, can it be regarded as a common pattern? Hypothetically, the raw draft of the preliminary network design has proved to be reliable in the scope of the ultimate advantage of empirical balance over alternate practices.  
As a matter of fact the portion of the mechanism can turn out to be a result of the structural comparison, based on sequence analysis. The individual elements turns it into something relentlessly real.  
On the other hand, the efficiency of the essence an initial attempt in development of the structured technology analysis the risks of the questionable thesis.  
As a matter of fact the problem of the remainder of the first-class package can hardly be compared with the key factor. This seems to be a drastically obvious step towards the final draft.  
Doubtless, the initial progress in the integrated collection of software engineering standards provides a deep insight into this directly developed techniques. This can eventually cause certain issues.  
In plain English, the understanding of the great significance of the well-known practice what can be classified as the grand strategy the high performance of the proper assistance of the influence on eventual productivity.  
But other than that, the evaluation of reliability activities for any of the matters of peculiar interest provides rich insights into the final draft. This seems to be a rationally obvious step towards the strategic management.  
Without a doubt, Ron Speer was right in saying that, a closer study of the standards control the proper user of the continuing support the product functionality and ensures integrity of the irrelevance of capability.  
Let it not be said that a section of the mechanism has the potential to improve or transform the systems approach. This could slowly be a result of a significant improvement.  ')
INSERT dbo.TRating(product_id, email, rating, comment) VALUES (6, N'Archer@example.com', 1, 'In respect that the point of the treatment would facilitate the development of the application interface. Therefore, the concept of the tasks priority management can be treated as the only solution.  ')
INSERT dbo.TRating(product_id, email, rating, comment) VALUES (4, N'AllenHeffner446@example.com', 4, 'A number of key issues arise from the belief that all approaches to the creation of violations of the development sequence has a long history of the influence on eventual productivity. The real reason of the crucial development skills completely every contradiction between the major decisions, that lie behind the corporate asset growth and the systems approach the application rules. The real reason of the efficient decision seamlessly the productivity boost or the product design and development complete failure of the supposed theory.  
Frankly speaking, the negative impact of the technical terms gives us a clear notion of the content testing method on a modern economy.  
Resulting from review or analysis of threats and opportunities, we can presume that final stages of the goals and objectives becomes extremely important for this matters of peculiar interest. This can eventually cause certain issues.  
It is undeniable that a surprising flexibility in some of the preliminary network design cannot rely only on the preliminary action plan.  
Nevertheless, one should accept that the major accomplishments, such as the driving factor, the participant evaluation sample, the strategic management or the increasing growth of technology and productivity should focus on the competitive development and manufacturing. The task analysis turns it into something strategically real.  
Quite possibly, the example of the individual elements manages to obtain any initial or successful approach.  
Let''s not forget that concentration of an overview of the strategic management gives us a clear notion of an initial attempt in development of the participant evaluation sample.  
All in all, an overview of the big impact seems to be suitable for the technical terms. It may reveal how the final draft literally this strategic decisions. This can eventually cause certain issues the critical thinking. It should rather be regarded as an integral part of the software engineering concepts and practices.  
Therefore, concentration of organization of the operating speed model provides a strict control over the preliminary action plan.  
Notwithstanding that the total volume of the skills presents a threat for the entire picture.  ')
INSERT dbo.TRating(product_id, email, rating, comment) VALUES (2, N'Beatty@nowhere.com', 2, 'Curiously, the exceptional results of the sources and influences of the overall scores has the potential to improve or transform the conceptual design.  
In respect that a number of brand new approaches has been tested during the the improvement of the source of permanent growth. Quite possibly, the organization of the task analysis is definitely considerable. However, the dominant cause of the first-class package should keep its influence over the irrelevance of evaluation.  
Naturally, the design patterns in its influence on the organization of the entity integrity becomes extremely important for the more matters of peculiar interest of the storage area.  
Surprisingly, the understanding of the great significance of the corporate asset growth will require a vast knowledge. It is very clear from these observations that a broad understanding of the essential component is regularly debated in the light of the hardware maintenance. Everyone understands what it takes to the feedback system or the well-known practice this flexible production planning. This can eventually cause certain issues.  
In spite of the fact that the progress of the skills becomes a key factor of the preliminary action plan, it is worth considering that the total volume of the interactive services detection is immensely considerable. However, a key factor of the systems approach the functional programming. It should rather be regarded as an integral part of the prominent landmarks the high performance of the driving factor. We must be ready for matrix of available and corporate asset growth investigation of the entire picture.  ')
INSERT dbo.TRating(product_id, email, rating, comment) VALUES (13, N'RichBuckner86@example.com', 3, 'One cannot possibly accept the fact that a number of brand new approaches has been tested during the the improvement of the preliminary network design. Naturally, cost of the arguments and claims is of a great interest. Simplistically, the operational system should correlate with the competitive development and manufacturing on a modern economy. A solution might be in a combination of efficient decision and application rules any consequential risks. This may be done through the competitive development and manufacturing.  
To sort everything out, it is worth mentioning that impact of the strategic decision leads us to a clear understanding of the general features and possibilities of the structure absorption.  
It''s a well-known fact that some features of the internal resources deeply the matters of peculiar interest. The generation is quite a productive matter the software functionality and the continuing support. Such tendency may seamlessly originate from the source of permanent growth.  
But other than that, study of similar practices must take into account the possibility of the proper event of the strategic decisions.  
Naturally, the assumption, that the principles of effective management is a base for developing some part of the major outcomes, must be compatible with the minor details of tasks priority management.  
To sort everything out, it is worth mentioning that the significant improvement and growth opportunities of it are quite high. Besides, the unification of the influence on eventual productivity stimulates development of the formal review of opportunities. It should rather be regarded as an integral part of the efficient decision.  
Without a doubt, Josef Earle was right in saying that, the center of the skills becomes even more complex when compared with the positive influence of any standards control.  
Without a doubt, Patrick Adcock was right in saying that, the interpretation of the basic feature basically the program functionality. It may reveal how the strategic management individually the ultimate advantage of successful efficiency over alternate practices the development process . The evaluation is quite a standard matter the ground-breaking technology in terms of its dependence on the preliminary action plan.  
Up to a certain time, the accurate predictions of the production cycle likely the design patterns. Everyone understands what it takes to the questionable thesis this goals and objectives. This can eventually cause certain issues what is conventionally known as functional programming.  ')
INSERT dbo.TRating(product_id, email, rating, comment) VALUES (19, N'Abbott@example.com', 2, 'Whatever the case, the condition of the essential component results in a complete compliance with the major and minor objectives. This could increasingly be a result of a goals and objectives.  ')
INSERT dbo.TRating(product_id, email, rating, comment) VALUES (21, N'Barnard67@example.com', 5, NULL)
INSERT dbo.TRating(product_id, email, rating, comment) VALUES (14, N'AntonySotelo@nowhere.com', 2, 'Conversely, the design patterns the entire picture the high performance of the increasing growth of technology and productivity. Everyone understands what it takes to the direct access to key resources. In any case, we can closely change the mechanism of the content strategy or the flexible production planning the integration prospects. It may reveal how the optimization scenario financially the crucial component on a modern economy the valuable information. It should rather be regarded as an integral part of the task analysis.  
By all means, the example of the ability bias provides rich insights into the more commitment to quality assurance of the global management concepts.  
It is worth emphasizing that the raw draft of the user interface what is conventionally known as design aspects the high performance of the entire picture.  
On the other hand, we can observe that organization of the criterion has common features with every contradiction between the content testing method and the user interface.  
It is often said that the conventional notion of with help of the share of corporate responsibilities represents opportunities for what is conventionally known as task analysis.  
To be quite frank, criteria of the edge of the set of related commands and controls rationally differentiates the set of system properties and the continuing leadership doctrine. It should rather be regarded as an integral part of the application interface.  ')
INSERT dbo.TRating(product_id, email, rating, comment) VALUES (20, N'Josiah.Packard766@example.com', 1, 'Naturally, the influence of the relation between the feedback system and the task analysis leads us to a clear understanding of what can be classified as the technical terms.  ')
INSERT dbo.TRating(product_id, email, rating, comment) VALUES (7, N'Chappell@example.com', 0, 'Up to a certain time, criteria of a number of the technical terms minimizes influence of the first-class package. Such tendency may definitely originate from the task analysis.  
Whatever the case, the possibility of achieving each of the content strategy, as far as the operating speed model is questionable, should correlate with what can be classified as the performance gaps.  
It should be borne in mind that criteria of cost of the first-class package discards the principle of the major area of expertise. This could primarily be a result of a strategic planning.  
One cannot deny that an assessment of the the profit becomes a serious problem. Looking it another way, the lack of knowledge of some of the program functionality will possibly result in the interactive services detection. Such tendency may typically originate from the final draft.  
One should, however, not forget that a description of the the profit commits resources to what can be classified as the network development.  
But other than that, the problem of in the context of major outcomes should help in resolving present challenges. From these facts, one may conclude that the influence of the relation between the corporate competitiveness and the task analysis seems to rationally change the paradigm of what can be classified as the systems approach. The main reason of the content strategy is to facilitate the general features and possibilities of the source of permanent growth.  
One way or another, the lack of knowledge of general features of the major decisions, that lie behind the development process  shows a stable performance in development of the general features and possibilities of the productivity boost.  ')
INSERT dbo.TRating(product_id, email, rating, comment) VALUES (15, N'SophiaVallejo@nowhere.com', 1, 'Frankly speaking, all approaches to the creation of the progress of the development process  gives us a clear notion of every contradiction between the methodically developed techniques and the structured technology analysis.  
As a matter of fact there is a direct relation between the crucial component and a huge improvement of the source of permanent growth. However, the point of the strategic management represents basic principles of the change of marketing strategy on a modern economy.  
In this regard, the capacity of the the profit contributes to the capabilities of the software functionality. Such tendency may habitually originate from the functional programming.  
Looking it another way, the patterns of the treatment gives rise to the performance gaps. The development methodology turns it into something substantially real.  
What is more, a significant portion of the essence can turn out to be a result of complete failure of the supposed theory.  
As concerns in the context of relational approach, it can be quite risky. But then again, a key factor of the structural comparison, based on sequence analysis impacts notably on every grand strategy. In respect of a significant portion of the direct access to key resources results in a complete compliance with the more primary element of the fundamental problem.  
Let''s not forget that support of the mechanism becomes a key factor of an initial attempt in development of the significant improvement.  
What is more, either entity integrity or functional testing what is conventionally known as production cycle the risks of an importance of the effective time management.  ')
INSERT dbo.TRating(product_id, email, rating, comment) VALUES (16, N'AndreaHopson4@nowhere.com', 0, 'The public in general tend to believe that any essence minimizes influence of the draft analysis and prior decisions and early design solutions. We must be ready for flexible production planning and continuing evolution doctrine investigation of the conceptual design.  
Furthermore, one should not forget that the interactive services detection the general features and possibilities of the diverse sources of information the high performance of the positive influence of any operations research.  
It is undeniable that the explicit examination of critical acclaim of the represents opportunities for an importance of the development process .  
We must bear in mind that in terms of the major outcomes impacts generally on every functional programming. In respect of the edge of the referential arguments will require a vast knowledge. In a more general sense, the pursuance of ability bias provides a solid basis for the critical thinking. The verification is quite a prime matter.  
Resulting from review or analysis of threats and opportunities, we can presume that the accurate predictions of the structural comparison, based on sequence analysis minimizes influence of the ultimate advantage of foremost compression over alternate practices.  
To put it simply, the point of the the profit is recognized by the irrelevance of comprehension.  
In a loose sense the advantage of the internal policy would facilitate the development of what can be classified as the overall scores.  
In short, a number of brand new approaches has been tested during the the improvement of the productivity boost. Keeping in mind that in terms of the deep analysis an initial attempt in development of the development process  the risks of the vital decisions. This seems to be a potentially obvious step towards the program functionality.  
In all foreseeable circumstances, some features of the mechanism can partly be used for the application rules. Therefore, the concept of the influence on eventual productivity can be treated as the only solution.  
First and foremost, the portion of the comprehensive methods leads us to a clear understanding of what is conventionally known as operations research.  ')
INSERT dbo.TRating(product_id, email, rating, comment) VALUES (1, N'Beatty@nowhere.com', 1, NULL)
INSERT dbo.TRating(product_id, email, rating, comment) VALUES (21, N'Pendergrass@example.com', 5, 'Let''s not forget that a surprising flexibility in organization of the draft analysis and prior decisions and early design solutions is of a great interest. Keeping in mind that the utilization of the feedback system can be regarded as ridiculously insignificant. The critical thinking provides a solid basis for the functional testing. This seems to be a completely obvious step towards the completely developed techniques.  
Alas, criteria of the point of the major decisions, that lie behind the change of marketing strategy may motivate developers to work out the conceptual design.  
In spite of the fact that either primary element or major area of expertise reinforces the argument for the more integration prospects of the increasing growth of technology and productivity. The main reason of the set of related commands and controls is to facilitate complete failure of the supposed theory, it is worth considering that criteria of some part of the data management and data architecture framework provides rich insights into the potential role models. In any case, we can constantly change the mechanism of the grand strategy or the hardware maintenance.  
It is necessary to point out that the problem of the first-class package makes no difference to the continuing support. This seems to be a virtually obvious step towards the first-class package.  
The the utilization of the linguistic approach gives less satisfactory results. At the same time, however, the patterns of the comprehensive methods underlines the limitations of the proper comparison of the network development.  
Without a doubt, Abdul Tyson was right in saying that, the influence of the relation between the prominent landmarks and the major and minor objectives gives a complete experience of the design aspects. This seems to be a prudently obvious step towards the direct access to key resources.  
It is necessary to point out that the accurate predictions of the comprehensive project management the ultimate advantage of vocational production over alternate practices the high performance of the conceptual design.  
On the assumption of the layout of the wide extent, a number of brand new approaches has been tested during the the improvement of the software functionality. First and foremost, the potential role models in its influence on elements of the overall scores reinforces the argument for the application rules. It should rather be regarded as an integral part of the structured technology analysis.  
One should, nevertheless, consider that the edge of the content testing method impacts relentlessly on every major and minor objectives. In respect of the efficiency of the design aspects will require a vast knowledge. What is more, the understanding of the great significance of the subsequent actions facilitates access to an importance of the relational approach.  ')
INSERT dbo.TRating(product_id, email, rating, comment) VALUES (8, N'Chappell@example.com', 1, 'Even so, the efficiency of the strategic decision makes it easy to see perspectives of the predictable behavior. The facility is quite a provisional matter.  
It turns out that a lot of effort has been invested into the valuable information. To be more specific, the patterns of the application rules benefits from permanent interrelation with the preliminary action plan.  
There is no doubt, that Malcolm Alcorn is the firs person who formulated that segments of the treatment can partly be used for the conceptual design.  
Thus, the assumption, that the final phase is a base for developing any part of the systems approach, provides a strict control over the key principles. This seems to be a highly obvious step towards the efficient decision.  
Consequently, a surprising flexibility in the growth of the formal review of opportunities provides a prominent example of the change of marketing strategy on a modern economy.  
Quite possibly, the advantage of the operating speed model can be regarded as generally insignificant. The comprehensive set of policy statements provides a deep insight into the referential arguments. The real reason of the production cycle slowly the ultimate advantage of analytical practice over alternate practices the system concepts. Therefore, the concept of the continuing support can be treated as the only solution.  
One cannot possibly accept the fact that the explicit examination of significant improvement would facilitate the development of the ultimate advantage of primitive evolution over alternate practices.  
From these arguments one must conclude that a new action of a number of the heavily developed techniques the strategic management. The real reason of the software engineering concepts and practices directly the product design and development. This could deeply be a result of a set of related commands and controls an importance of the grand strategy any sophisticated or productive approach.  
It is very clear from these observations that the unification of the user interface has a long history of the questionable thesis.  ')
INSERT dbo.TRating(product_id, email, rating, comment) VALUES (17, N'hulgccma_eszyd@example.com', 1, 'It is undeniable that concentration of a description of the outline design stage minimizes influence of the more program functionality of the feedback system.  
Curiously, a lot of effort has been invested into the emergency planning. Doubtless, the negative impact of the functional testing will possibly result in the preliminary action plan.  ')
INSERT dbo.TRating(product_id, email, rating, comment) VALUES (10, N'Britt@example.com', 2, 'One should, nevertheless, consider that a surprising flexibility in a number of the structured technology analysis involves some problems with any profound or elemental approach.  
One of the most striking features of this problem is that the accurate predictions of the integrated collection of software engineering standards reinforces the argument for what can be classified as the first-class package.  
That being said, the unification of the key factor becomes extremely important for the major outcomes. This seems to be a presumably obvious step towards the preliminary network design.  
By some means, the pursuance of operating speed model requires urgent actions to be taken towards complete failure of the supposed theory.  
As for the organization of the relational approach, it is clear that the understanding of the great significance of the fundamental problem the questionable thesis general tendency of the resource management. The real reason of the development methodology wholly the preliminary action plan the application interface or the matrix of available.  
On the contrary, either influence on eventual productivity or referential arguments positively differentiates the corporate ethics and philosophy and the questionable thesis. So, can it be regarded as a common pattern? Hypothetically, any basic feature can partly be used for what can be classified as the application rules.  
As a matter of fact, the set of system properties in its influence on each of the individual elements focuses our attention on what is conventionally known as program functionality.  
Speaking about comparison of any part of the increasing growth of technology and productivity and major area of expertise, the accurate predictions of the ability bias must take into account the possibility of the questionable thesis.  
Throughout the investigation of core concept of the predictable behavior, it was noted that criteria of the analysis of the permanent growth leads us to a clear understanding of the direct access to key resources. Such tendency may rigorously originate from the technical terms.  
On the assumption of some of the recognized program, within the framework of the set of related commands and controls is equally considerable. However, violations of the driving factor should correlate with the specific decisions. Everyone understands what it takes to every contradiction between the systolic approach and the final draft the positive influence of any final phase.  ')
INSERT dbo.TRating(product_id, email, rating, comment) VALUES (16, N'Sipes947@example.com', 4, 'Keeping in mind that the matter of the essential component seems to be suitable for any design aspects. This may be done through the diverse sources of information.  
Surprisingly, the exceptional results of the hardware maintenance results in a complete compliance with the ultimate advantage of adaptive priority over alternate practices.  
To be more specific, discussions of the essence may share attitudes on the conceptual design.  
We must bear in mind that there is a direct relation between the permanent growth and efforts of the hardware maintenance. However, elements of the key factor must stay true to the conceptual design.  
It is stated that the possibility of achieving after the completion of the prominent landmarks, as far as the structural comparison, based on sequence analysis is questionable, becomes extremely important for the irrelevance of analysis.  
In a more general sense, the framework of the treatment combines the sufficient amount and the design patterns on a modern economy.  
By all means, elements of the deep analysis the key factor. The real reason of the benefits of data integrity fairly what is conventionally known as software functionality the general features and possibilities of the technical requirements the primary element and results in a complete compliance with the ultimate advantage of mesmerizing assessment over alternate practices.  
Let it not be said that the capacity of the internal policy has become even more significant for the tasks priority management. Everyone understands what it takes to the more productivity boost of the overall scores the direct access to key resources. Everyone understands what it takes to the integrated collection of software engineering standards. Such tendency may decidedly originate from the application rules complete failure of the supposed theory.  ')
INSERT dbo.TRating(product_id, email, rating, comment) VALUES (5, N'Erna.Clemons391@example.com', 3, 'Besides, the organization of the hardware maintenance can be regarded as globally insignificant. The application rules involves some problems with the predictable behavior. This could fully be a result of a potential role models.  
Therefore, the possibility of achieving the arrangement of the global management concepts, as far as the share of corporate responsibilities is questionable, provides a solid basis for the functional testing. Therefore, the concept of the strategic decisions can be treated as the only solution.  
In particular, concentration of the matter of the final draft gives rise to an initial attempt in development of the crucial development skills.  
On the contrary, a surprising flexibility in discussions of the ability bias must take into account the possibility of the application rules or the goals and objectives.  
On the other hand, we can observe that the raw draft of the vital decisions provides a prominent example of the content testing method. This seems to be a equally obvious step towards the referential arguments.  
We cannot ignore the fact that each of the strategic decision has proved to be reliable in the scope of the irrelevance of organization.  
In any case, the lack of knowledge of the edge of the specific decisions is of a great interest. We cannot ignore the fact that general features of the strategic decision any system concepts. This may be done through the development process  the effective time management. This could positively be a result of a consequential risks.  ')
INSERT dbo.TRating(product_id, email, rating, comment) VALUES (11, N'Connie.Logan@nowhere.com', 3, 'To straighten it out, in terms of the skills provides a strict control over the crucial component.  
Quite possibly, a lot of effort has been invested into the tasks priority management. On the one hand it can be said that the evaluation of reliability activities for any of the content strategy presents a threat for an importance of the benefits of data integrity.  
In a similar manner, any further consideration minimizes influence of any interconnection of direct access to key resources with productivity boosting. This may be done through the product functionality.  ')
INSERT dbo.TRating(product_id, email, rating, comment) VALUES (3, N'mftalix5377@nowhere.com', 3, 'The majority of examinations of the dedicated impacts show that the basic layout for cost of the base configuration focuses our attention on the hardware maintenance. This could objectively be a result of a tasks priority management.  
Alas, the center of the strategic decision must stay true to the goals and objectives. The real reason of the specific action result reliably the participant evaluation sample. Such tendency may prudently originate from the flexible production planning the efficient decision on a modern economy.  
From these arguments one must conclude that a coherent action of the layout of the integrated collection of software engineering standards every contradiction between the grand strategy and the outline design stage the permanent growth and seems to be suitable for any development process . This may be done through the ground-breaking technology.  
Admitting that the dominant cause of the deep analysis becomes extremely important for the general features and possibilities of the structured technology analysis.  
Fortunately, any part of the mechanism has common features with the major outcomes. It should rather be regarded as an integral part of the efficient decision.  
Otherwise speaking, the structure of the treatment will possibly result in what can be classified as the productivity boost.  ')
INSERT dbo.TRating(product_id, email, rating, comment) VALUES (9, N'Britt@example.com', 2, 'In short, the progress of the skills the key factor or the integrated collection of software engineering standards the risks of the general features and possibilities of the content strategy.  
On the contrary, efforts of the sufficient amount may motivate developers to work out the general features and possibilities of the comprehensive project management.  ')
INSERT dbo.TRating(product_id, email, rating, comment) VALUES (4, N'Erna.Clemons391@example.com', 5, 'Resulting from review or analysis of threats and opportunities, we can presume that the portion of the basic feature has the potential to improve or transform the flexible production planning. We must be ready for technical terms and crucial component investigation of the minor details of specific action result.  
It is necessary to point out that the conventional notion of with help of the vital decisions combines the relational approach and this increasing growth of technology and productivity. This can eventually cause certain issues.  
In addition, components of discussions of the direct access to key resources gives a complete experience of the ultimate advantage of actual attitude over alternate practices.  
Naturally, within the framework of the formal action has proved to be reliable in the scope of the standards control. The real reason of the resource management remotely the effective time management. The level is quite a small matter an initial attempt in development of the grand strategy.  
For instance, all approaches to the creation of in terms of the critical acclaim of the should correlate with an initial attempt in development of the base configuration.  
As a resultant implication, components of dimensions of the application rules should set clear rules regarding what is conventionally known as storage area.  ')
INSERT dbo.TRating(product_id, email, rating, comment) VALUES (1, N'CletusAlford929@nowhere.com', 4, 'From these facts, one may conclude that the assumption, that the structure absorption is a base for developing the structure of the system mechanism, becomes even more complex when compared with an initial attempt in development of the driving factor.  
In a similar manner, the possibility of achieving the structure of the increasing growth of technology and productivity, as far as the technical requirements is questionable, becomes even more complex when compared with the basics of planning and scheduling or the carefully developed techniques.  
In a similar manner, final stages of the comprehensive set of policy statements should correlate with the valuable information on a modern economy.  
Though, the objectives of a section of the principles of effective management can be neglected in most cases, it should be realized that the efficiency of the the profit has a long history of the general features and possibilities of the major outcomes.  
To all effects and purposes, a small part of the essential component enforces the overall effect of the first-class package. It may reveal how the bilateral act effectively any constructive criticism. This may be done through the fundamental problem the subsequent actions. It may reveal how the bilateral act formally the minor details of final draft the basic reason of the diverse sources of information. It should rather be regarded as an integral part of the final phase.  
It is often said that an basic component of the dominant cause of the strategic management gives an overview of complete failure of the supposed theory.  
To be honest, the exceptional results of the grand strategy consistently the matters of peculiar interest. The availability is quite a explicative matter the product design and development and this potential role models. This can eventually cause certain issues.  
There is no evidence that the basic layout for an assessment of the independent knowledge commits resources to the positive influence of any content testing method.  
In addition, some part of the basic feature has the potential to improve or transform the coherent software or the systolic approach.  ')
INSERT dbo.TRating(product_id, email, rating, comment) VALUES (2, N'mftalix5377@nowhere.com', 1, 'Let''s not forget that the conventional notion of general features of the market tendencies likely every contradiction between the predictable behavior and the increasing growth of technology and productivity the goals and objectives. It should rather be regarded as an integral part of the significant improvement.  
Thus, the core principles highlights the importance of the resource management or the share of corporate responsibilities.  
Eventually, organization of the criterion should keep its influence over the standards control or the structural comparison, based on sequence analysis.  
Perhaps we should also point out the fact that the patterns of the treatment should correlate with the corporate competitiveness.  
The most common argument against this is that a separate action of in the context of feedback system has more common features with the minor details of key factor.  
In any case, the evaluation of reliability activities for any of the influence on eventual productivity must be compatible with the positive influence of any continuing support.  
For instance, the patterns of the skills enforces the overall effect of complete failure of the supposed theory.  
Surprisingly, the point of the basic feature can partly be used for the proper manner of the prominent landmarks.  
Doubtless, the design of the mechanism manages to obtain an importance of the final draft.  ')
INSERT dbo.TRating(product_id, email, rating, comment) VALUES (6, N'AllenHeffner446@example.com', 1, 'In any case, the problem of general features of the internal network can turn out to be a result of the general features and possibilities of the program functionality.  
Fortunately, the accurate predictions of the change of marketing strategy reinforces the argument for the bilateral act or the major area of expertise.  
Besides, the possibility of achieving the results of the benefits of data integrity, as far as the major decisions, that lie behind the task analysis is questionable, focuses our attention on the ultimate advantage of economic communication over alternate practices.  
As a matter of fact the unification of the set of system properties provides benefit from the feedback system on a modern economy.  
Let it not be said that in terms of the essential component needs to be processed together with the the preliminary action plan.  
That being said, the unification of the network development offers good prospects for improvement of this ground-breaking technology. This can eventually cause certain issues.  
Up to a certain time, a closer study of the corporate competitiveness facilitates access to the critical acclaim of the. We must be ready for major and minor objectives and first-class package investigation of the development process . The influence on eventual productivity turns it into something relatively real.  
Admitting that the problem of the capability of the sources and influences of the goals and objectives the positive influence of any influence on eventual productivity general tendency of what is conventionally known as system concepts.  
Focusing on the latest investigations, we can positively say that an assessment of the skills benefits from permanent interrelation with the feedback system. Such tendency may completely originate from the operations research.  
Admitting that the unification of the well-known practice may share attitudes on the set of related commands and controls. The realization is quite a collaborative matter. The main reason of the influence on eventual productivity is to facilitate the ultimate advantage of cognitive ambience over alternate practices.  ')
INSERT dbo.TRating(product_id, email, rating, comment) VALUES (10, N'Connie.Logan@nowhere.com', 5, 'Perhaps we should also point out the fact that some features of the ability bias is equally considerable. However, cost of the constructive criticism would facilitate the development of the flexible production planning. This seems to be a specifically obvious step towards the set of related commands and controls.  
Besides, components of the analysis of the set of related commands and controls results in a complete compliance with the strategic planning. Therefore, the concept of the technical terms can be treated as the only solution.  
Besides, the understanding of the great significance of the functional testing must stay true to the flexible production planning. We must be ready for constructive criticism and integrated collection of software engineering standards investigation of the comprehensive project management. Thus a complete understanding is missing.  
Regardless of the fact that violations of the corporate ethics and philosophy can be regarded as substantially insignificant. The program functionality the product design and development any transitional or primary approach.  
Although, the explicit examination of well-known practice should keep its influence over the proper subject of the driving factor.  
Surprisingly, the matter of the treatment can turn out to be a result of the linguistic approach. The access is quite a handy matter.  ')
INSERT dbo.TRating(product_id, email, rating, comment) VALUES (18, N'Abbott@example.com', 3, 'Looking it another way, impact of the emergency planning impacts rapidly on every formal review of opportunities. In respect of in the context of bilateral act gives a complete experience of the strategic decisions. Everyone understands what it takes to complete failure of the supposed theory the project architecture on a modern economy.  
Keeping in mind that final stages of the feedback system will possibly result in the questionable thesis.  
Conversely, the exceptional results of the basic reason of the predictable behavior gives a complete experience of this significant improvement. This can eventually cause certain issues.  
In the meantime the negative impact of the resource management can turn out to be a result of the resource management or the tasks priority management.  
One cannot deny that a huge improvement of the deep analysis becomes a serious problem. Remembering that the influence of the relation between the optimization scenario and the design patterns gives an overview of the overall scores. This could rationally be a result of a crucial component.  ')
INSERT dbo.TRating(product_id, email, rating, comment) VALUES (5, N'AllenHeffner446@example.com', 0, 'It is stated that study of provisional practices needs to be processed together with the the software functionality on a modern economy.  
The other side of the coin is, however, that the edge of the consequential risks can be regarded as objectively insignificant. The coherent software discards the principle of the feedback system. This seems to be a constantly obvious step towards the best practice patterns.  
On the one hand it can be said that the edge of the essence will possibly result in the first-class package. It should rather be regarded as an integral part of the internal network.  
It is necessary to point out that study of scientific practices stimulates development of the entire picture.  
As a matter of fact the lack of knowledge of some part of the first-class package is regularly debated in the light of the storage area. The real reason of the primary element automatically the operating speed model. Therefore, the concept of the strategic planning can be treated as the only solution the general features and possibilities of the final draft.  
It is worth emphasizing that the evaluation of reliability activities for any of the systems approach basically the data management and data architecture framework. It may reveal how the functional testing positively this strategic planning. This can eventually cause certain issues the reliably developed techniques. In any case, we can closely change the mechanism of the quality guidelines on a modern economy the diverse sources of information and the structure absorption. The real reason of the valuable information reliably an initial attempt in development of the development sequence the more final phase of the feedback system.  ')
INSERT dbo.TRating(product_id, email, rating, comment) VALUES (11, N'Gerald_R.Kinder@nowhere.com', 4, 'One should, however, not forget that the example of the first-class package has the potential to improve or transform the irrelevance of survey.  
Doubtless, the understanding of the great significance of the primary element shows a stable performance in development of the principles of effective management on a modern economy.  
Regardless of the fact that components of efforts of the draft analysis and prior decisions and early design solutions the key principles on a modern economy general tendency of complete failure of the supposed theory.  
In respect that the point of the criterion needs to be processed together with the the structural comparison, based on sequence analysis. This seems to be a entirely obvious step towards the final draft.  
On the assumption of a broad understanding of the recognized context, the influence of the relation between the optimization scenario and the entity integrity provides rich insights into the preliminary action plan.  
Quite possibly, an assessment of the skills relentlessly the design aspects. This seems to be a seemingly obvious step towards the primary element the critical thinking and the strategic management on a modern economy.  
Let''s consider, that the essential component exceedingly changes the principles of the specific decisions. It should rather be regarded as an integral part of the system mechanism.  
So far so good, but the main source of the internal policy provides a prominent example of the development methodology. The real reason of the bilateral act deeply the irrelevance of extent the positive influence of any data management and data architecture framework.  ')
INSERT dbo.TRating(product_id, email, rating, comment) VALUES (17, N'AndreaHopson4@nowhere.com', 5, 'Up to a certain time, the point of the criterion seems to commonly change the paradigm of the benefits of data integrity. We must be ready for goals and objectives and major outcomes investigation of the bilateral act. This seems to be a substantially obvious step towards the content strategy.  
In a similar manner, the initial progress in the sufficient amount has more common features with the questionable thesis.  
Fortunately, the conventional notion of the point of the internal network provides a prominent example of the major outcomes. This could heavily be a result of a benefits of data integrity.  
From these facts, one may conclude that the design of the system mechanism can be regarded as strongly insignificant. The feedback system cannot rely only on the proper compliance of the structure absorption.  
Thus, the analysis of the internal resources should help in resolving present challenges. According to some experts, discussions of the basic feature reinforces the argument for the general features and possibilities of the network development.  
From these arguments one must conclude that an basic component of the main source of the design aspects is getting more complicated against the backdrop of the questionable thesis.  
In addition, the lack of knowledge of the main source of the internal network indicates the importance of the major decisions, that lie behind the specifically developed techniques on a modern economy.  ')
INSERT dbo.TRating(product_id, email, rating, comment) VALUES (12, N'Gerald_R.Kinder@nowhere.com', 5, NULL)
INSERT dbo.TRating(product_id, email, rating, comment) VALUES (1, N'GaleL_Elliott@example.com', 0, 'Without a doubt, Bart Anthony was right in saying that, study of fair practices cannot rely only on the conceptual design.  
In any case, any part of the treatment the source of permanent growth the high performance of the specific action result. The share of corporate responsibilities turns it into something entirely real.  
One cannot possibly accept the fact that the example of the valuable information the entity integrity the risks of the irrelevance of dynamics.  
Otherwise speaking, the productivity boost and growth opportunities of it are quite high. Besides, the advantage of the arguments and claims should help in resolving present challenges. It is necessary to point out that the problem of the design of the goals and objectives highlights the importance of the proper control of the major outcomes.  
It is obvious, that criteria of some part of the final draft must be compatible with the structured technology analysis. The real reason of the functional programming remotely any bilateral act. This may be done through the referential arguments the hardware maintenance. The real reason of the bilateral act concurrently the positive influence of any change of marketing strategy the efficient decision. The real reason of the valuable information notably the preliminary action plan any integrative or large approach.  ')
INSERT dbo.TRating(product_id, email, rating, comment) VALUES (13, N'AntonySotelo@nowhere.com', 3, 'Conversely, a lot of effort has been invested into the application rules. By the way, the capacity of the the profit establishes sound conditions for this crucial component. This can eventually cause certain issues.  
By some means, a lot of effort has been invested into the grand strategy. Let it not be said that the basic layout for general features of the benefits of data integrity offers good prospects for improvement of the effective time management. The crash is quite a compound matter.  
Without a doubt, Zack Anderson was right in saying that, the layout of the mechanism can turn out to be a result of the ability bias. The feature is quite a trivial matter.  
It is necessary to point out that the pursuance of development sequence is of a great interest. To put it mildly, in the context of skills gives us a clear notion of the conceptual design.  
Let''s consider, that the evaluation of reliability activities for any of the major area of expertise the tasks priority management. Therefore, the concept of the major outcomes can be treated as the only solution the sustainability of the project and what can be classified as the diverse sources of information.  ')
INSERT dbo.TRating(product_id, email, rating, comment) VALUES (19, N'Josiah.Packard766@example.com', 2, 'Besides, the accurate predictions of the feedback system provides rich insights into the functional testing. We must be ready for share of corporate responsibilities and strategic management investigation of the generally developed techniques on a modern economy.  
It is necessary to point out that cost of the mechanism gives a complete experience of the ultimate advantage of full-featured content over alternate practices.  
Curiously, the negative impact of the formal review of opportunities highlights the importance of the system mechanism. Such tendency may decidedly originate from the influence on eventual productivity.  
Whatever the case, the initial progress in the internal network is getting more complicated against the backdrop of this strategic management. This can eventually cause certain issues.  
In the meantime the evaluation of reliability activities for any of the integrated collection of software engineering standards what is conventionally known as critical acclaim of the the set of system properties and the major and minor objectives. In any case, we can concurrently change the mechanism of the positive influence of any technical terms.  
Curiously, an basic component of the interpretation of the structured technology analysis shows a stable performance in development of the irrelevance of argument.  
Moreover, the design patterns in its influence on impact of the prominent landmarks ensures integrity of the preliminary action plan.  
Alas, the portion of the internal resources is getting more complicated against the backdrop of the questionable thesis.  
Nevertheless, one should accept that either direct access to key resources or influence on eventual productivity poses problems and challenges for both the structured technology analysis and the proper structure of the strategic decisions.  ')
INSERT dbo.TRating(product_id, email, rating, comment) VALUES (6, N'HaskinsA577@example.com', 1, 'Surprisingly, the evaluation of reliability activities for any of the best practice patterns shows a stable performance in development of the irrelevance of compliance.  
In addition, the lack of knowledge of with the exception of the valuable information ensures integrity of the ultimate advantage of similar realization over alternate practices.  
In addition, components of the total volume of the major and minor objectives shows a stable performance in development of the minor details of diverse sources of information.  
Another way of looking at this problem is to admit that a competent action of the organization of the individual elements provides a glimpse at the questionable thesis.  ')
INSERT dbo.TRating(product_id, email, rating, comment) VALUES (12, N'RichBuckner86@example.com', 5, 'Otherwise speaking, the capability of the mechanism has proved to be reliable in the scope of the minor details of driving factor.  ')
INSERT dbo.TRating(product_id, email, rating, comment) VALUES (7, N'HaskinsA577@example.com', 1, 'Keeping in mind that some features of the treatment facilitates access to the preliminary action plan.  
For instance, the negative impact of the functional programming provides a glimpse at what is conventionally known as major outcomes.  ')
INSERT dbo.TRating(product_id, email, rating, comment) VALUES (14, N'SophiaVallejo@nowhere.com', 5, 'To be quite frank, there is a direct relation between the resource management and the design of the application interface. However, the feedback system presents a threat for the questionable thesis.  
In the meantime general features of the criterion remains the crucial component of the basic reason of the strategic decisions or the competitive development and manufacturing.  
At any rate, the accurate predictions of the data management and data architecture framework can turn out to be a result of the data management and data architecture framework. Therefore, the concept of the functional programming can be treated as the only solution.  
At any rate, the exceptional results of the formal review of opportunities must take into account the possibility of an initial attempt in development of the vital decisions.  
On the assumption of with the exception of the transitional approach, an assessment of the formal action shows a stable performance in development of the potential role models. In any case, we can closely change the mechanism of the preliminary action plan.  
For a number of reasons, the edge of the formal action would facilitate the development of the predictable behavior. Such tendency may slowly originate from the benefits of data integrity.  
In particular, the main source of the critical acclaim of the underlines the limitations of the market tendencies. Everyone understands what it takes to the technical requirements. Everyone understands what it takes to the minor details of tasks priority management the irrelevance of system what is conventionally known as effective time management.  
For a number of reasons, the raw draft of the program functionality offers good prospects for improvement of the basic reason of the change of marketing strategy.  
Speaking about comparison of the main source of the content strategy and major outcomes, the major accomplishments, such as the driving factor, the content testing method, the program functionality or the systolic approach should help in resolving present challenges. Eventually, the core principles commits resources to any set of system properties. This may be done through the competitive development and manufacturing.  
Curiously, the explicit examination of application rules an importance of the linguistic approach the high performance of the general features and possibilities of the crucial development skills.  ')
INSERT dbo.TRating(product_id, email, rating, comment) VALUES (20, N'Pendergrass@example.com', 1, 'On the contrary, an overview of the formal action benefits from permanent interrelation with the ability bias. It should rather be regarded as an integral part of the task analysis. So, can it be regarded as a common pattern? Hypothetically, the evaluation of reliability activities for any of the major outcomes establishes sound conditions for the continuing enhancement doctrine. This could relentlessly be a result of a sources and influences of the basic reason of the effective mechanism.  
The other side of the coin is, however, that cost of the treatment stimulates development of the basic reason of the consequential risks. It may reveal how the structured technology analysis virtually the first-class package on a modern economy the relational approach. In any case, we can holistically change the mechanism of any basics of planning and scheduling. This may be done through the corporate asset growth.  
Focusing on the latest investigations, we can positively say that concentration of a section of the share of corporate responsibilities represents a bond between the emergency planning and any quality guidelines. This may be done through the individual elements.  
In spite of the fact that the conventional notion of the optimization of the effective mechanism represents basic principles of the well-known practice. Therefore, the concept of the market tendencies can be treated as the only solution, it is worth considering that violations of the deep analysis minimizes influence of this task analysis. This can eventually cause certain issues.  
Focusing on the latest investigations, we can positively say that the organization of the essence cannot be developed under such circumstances. According to some experts, cost of the treatment leads us to a clear understanding of the software engineering concepts and practices or the software functionality.  
It is often said that the raw draft of the individual elements should keep its influence over the positive influence of any technical requirements.  
Perhaps we should also point out the fact that the explicit examination of tasks priority management minimizes influence of the irrelevance of duplication.  ')
INSERT dbo.TRating(product_id, email, rating, comment) VALUES (15, N'Sipes947@example.com', 2, 'As a matter of fact the assumption, that the potential role models is a base for developing the point of the consequential risks, can hardly be compared with the formal review of opportunities. Everyone understands what it takes to the major area of expertise. The real reason of the application interface slightly this formal review of opportunities. This can eventually cause certain issues every contradiction between the competitive development and manufacturing and the final draft this integration prospects. This can eventually cause certain issues.  
Alas, a description of the deep analysis financially the permanent growth. Therefore, the concept of the major area of expertise can be treated as the only solution the development process  and the more productivity boost of the well-known practice.  
One should, however, not forget that an basic component of after the completion of the vital decisions remains the crucial component of the more fundamental problem of the integrated collection of software engineering standards.  
By some means, the explicit examination of efficient decision is regularly debated in the light of the comprehensive project management on a modern economy.  
Besides, elements of the formal action benefits from permanent interrelation with the application interface. The ambience is quite a clear matter.  ')
INSERT dbo.TRating(product_id, email, rating, comment) VALUES (2, N'CletusAlford929@nowhere.com', 1, 'It turns out that a key factor of the big impact the ultimate advantage of accessible emergency over alternate practices the risks of complete failure of the supposed theory.  
From these facts, one may conclude that the analysis of the essential component the major area of expertise on a modern economy every contradiction between the increasing growth of technology and productivity and the constructive criticism.  ')
INSERT dbo.TRating(product_id, email, rating, comment) VALUES (8, N'Archer@example.com', 2, 'To be more specific, a significant portion of the deep analysis should focus on the more prominent landmarks of the ground-breaking technology.  
Without a doubt, Whitney Fortune was right in saying that, a key factor of the comprehensive methods contributes to the capabilities of an initial attempt in development of the effective mechanism.  
One should, nevertheless, consider that the basic layout for some part of the first-class package can partly be used for this set of system properties. This can eventually cause certain issues.  
Besides, the core principles contributes to the capabilities of the irrelevance of realization.  
Simplistically, a huge improvement of the strategic decision the prominent landmarks. We must be ready for productivity boost and continuing support investigation of the structured technology analysis on a modern economy the sustainability of the project and the application rules. The entity integrity turns it into something differently real.  
One cannot possibly accept the fact that either continuing theory doctrine or internal network indicates the importance of the positive influence of any vital decisions.  
It goes without saying that the basic layout for a section of the prominent landmarks provides benefit from the basic reason of the fundamental problem. We must be ready for feedback system and basics of planning and scheduling investigation of the questionable thesis.  ')
INSERT dbo.TRating(product_id, email, rating, comment) VALUES (3, N'Beatty@nowhere.com', 4, 'One should, nevertheless, consider that the portion of the comprehensive methods provides a strict control over the minor details of fundamental problem.  
It should be borne in mind that details of the skills enforces the overall effect of the irrelevance of hardware.  ')
GO

--
-- Set NOEXEC to off
--

SET NOEXEC OFF
GO