--
-- Script was generated by Devart dbForge Data Generator for SQL Server, Version 4.2.76.0
-- Product Home Page: http://www.devart.com/dbforge/sql/data-generator/
-- Script date 12/6/2019 2:58:08 PM
-- Target server version: 15.00.2070
-- Target connection string: Data Source=localhost;Encrypt=False;Initial Catalog=Rainforest;Integrated Security=False;User ID=sa
--



SET LANGUAGE 'English'
SET DATEFORMAT ymd
SET ARITHABORT, ANSI_PADDING, ANSI_WARNINGS, CONCAT_NULL_YIELDS_NULL, QUOTED_IDENTIFIER, ANSI_NULLS, NOCOUNT ON
SET NUMERIC_ROUNDABORT, IMPLICIT_TRANSACTIONS, XACT_ABORT OFF
GO

--
-- Backing up database Rainforest
--
--
-- Create backup folder
--
IF OBJECT_ID('xp_create_subdir') IS NOT NULL
  EXEC xp_create_subdir N'C:\Program Files\Microsoft SQL Server\MSSQL15.MSSQLSERVER\MSSQL\Backup'
--
-- Backup database to the file with the name: <database_name>_<yyyy>_<mm>_<dd>_<hh>_<mi>.bak
--
DECLARE @db_name SYSNAME
SET @db_name = N'Rainforest'

DECLARE @filepath NVARCHAR(4000)
SET @filepath =
/*define base part*/ N'C:\Program Files\Microsoft SQL Server\MSSQL15.MSSQLSERVER\MSSQL\Backup\' + @db_name + '_' +
/*append date*/ REPLACE(CONVERT(NVARCHAR(10), GETDATE(), 102), '.', '_') + '_' +
/*append time*/ REPLACE(CONVERT(NVARCHAR(5), GETDATE(), 108), ':', '_') + '.bak'

DECLARE @SQL NVARCHAR(MAX)
SET @SQL = 
    N'BACKUP DATABASE ' + QUOTENAME(@db_name) + ' TO DISK = @filepath WITH INIT' + 
      CASE WHEN EXISTS(
                SELECT value
                FROM sys.configurations
                WHERE name = 'backup compression default'
          )
        THEN ', COMPRESSION'
        ELSE ''
      END

EXEC sys.sp_executesql @SQL, N'@filepath NVARCHAR(4000)', @filepath = @filepath
GO

USE Rainforest
GO

IF DB_NAME() <> N'Rainforest' SET NOEXEC ON
GO
--
-- Delete data from the table 'dbo.TRating'
--
TRUNCATE TABLE dbo.TRating
GO
--
-- Delete data from the table 'dbo.TInvoiceLine'
--
TRUNCATE TABLE dbo.TInvoiceLine
GO
--
-- Delete data from the table 'dbo.TInvoice'
--
DELETE dbo.TInvoice
GO
--
-- Delete data from the table 'dbo.TCreditCard'
--
DELETE dbo.TCreditCard
GO
--
-- Delete data from the table 'dbo.TUser'
--
DELETE dbo.TUser
GO
--
-- Delete data from the table 'dbo.TProduct'
--
DELETE dbo.TProduct
GO
--
-- Delete data from the table 'dbo.TCity'
--
DELETE dbo.TCity
GO

--
-- Inserting data into table dbo.TCity
--
INSERT dbo.TCity(cZipCode, cCity) VALUES (N'8533', 'Dronningmølle')
INSERT dbo.TCity(cZipCode, cCity) VALUES (N'7192', 'Hørsholm')
INSERT dbo.TCity(cZipCode, cCity) VALUES (N'6672', 'Skovlunde')
INSERT dbo.TCity(cZipCode, cCity) VALUES (N'6256', 'Fredensborg')
INSERT dbo.TCity(cZipCode, cCity) VALUES (N'2053', 'Nærum')
INSERT dbo.TCity(cZipCode, cCity) VALUES (N'8635', 'Ølsted')
INSERT dbo.TCity(cZipCode, cCity) VALUES (N'7249', 'Veksø Sjælland')
INSERT dbo.TCity(cZipCode, cCity) VALUES (N'1786', 'Hasle')
INSERT dbo.TCity(cZipCode, cCity) VALUES (N'7953', 'Ålsgårde')
INSERT dbo.TCity(cZipCode, cCity) VALUES (N'3315', 'Taastrup')
INSERT dbo.TCity(cZipCode, cCity) VALUES (N'4475', 'Kokkedal')
INSERT dbo.TCity(cZipCode, cCity) VALUES (N'3458', 'København S')
INSERT dbo.TCity(cZipCode, cCity) VALUES (N'3396', 'Ballerup')
INSERT dbo.TCity(cZipCode, cCity) VALUES (N'6341', 'Værløse')
INSERT dbo.TCity(cZipCode, cCity) VALUES (N'5126', 'Dyssegård')
INSERT dbo.TCity(cZipCode, cCity) VALUES (N'6693', 'Kvistgård')
INSERT dbo.TCity(cZipCode, cCity) VALUES (N'7597', 'Rønne')
INSERT dbo.TCity(cZipCode, cCity) VALUES (N'1187', 'Skævinge')
INSERT dbo.TCity(cZipCode, cCity) VALUES (N'7611', 'Nivå')
INSERT dbo.TCity(cZipCode, cCity) VALUES (N'6293', 'Farum')
INSERT dbo.TCity(cZipCode, cCity) VALUES (N'6080', 'Søborg')
INSERT dbo.TCity(cZipCode, cCity) VALUES (N'1463', 'Aakirkeby')
INSERT dbo.TCity(cZipCode, cCity) VALUES (N'6185', 'Bagsværd')
INSERT dbo.TCity(cZipCode, cCity) VALUES (N'2320', 'Måløv')
INSERT dbo.TCity(cZipCode, cCity) VALUES (N'4810', 'Ishøj')
INSERT dbo.TCity(cZipCode, cCity) VALUES (N'4816', 'Helsingør')
INSERT dbo.TCity(cZipCode, cCity) VALUES (N'5665', 'København NV')
INSERT dbo.TCity(cZipCode, cCity) VALUES (N'4596', 'Gørløse')
INSERT dbo.TCity(cZipCode, cCity) VALUES (N'6632', 'Lynge')
INSERT dbo.TCity(cZipCode, cCity) VALUES (N'8797', 'Hellebæk')
INSERT dbo.TCity(cZipCode, cCity) VALUES (N'8100', 'Hedehusene')
INSERT dbo.TCity(cZipCode, cCity) VALUES (N'5063', 'Nexø')
INSERT dbo.TCity(cZipCode, cCity) VALUES (N'9992', 'Hellerup')
INSERT dbo.TCity(cZipCode, cCity) VALUES (N'7098', 'Smørum')
INSERT dbo.TCity(cZipCode, cCity) VALUES (N'7696', 'København SV')
INSERT dbo.TCity(cZipCode, cCity) VALUES (N'4089', 'Humlebæk')
INSERT dbo.TCity(cZipCode, cCity) VALUES (N'6028', 'Charlottenlund')
INSERT dbo.TCity(cZipCode, cCity) VALUES (N'4882', 'Liseleje')
INSERT dbo.TCity(cZipCode, cCity) VALUES (N'4078', 'Greve')
INSERT dbo.TCity(cZipCode, cCity) VALUES (N'7602', 'Hvidovre')
INSERT dbo.TCity(cZipCode, cCity) VALUES (N'2753', 'Helsinge')
INSERT dbo.TCity(cZipCode, cCity) VALUES (N'3894', 'Slangerup')
INSERT dbo.TCity(cZipCode, cCity) VALUES (N'6492', 'Svaneke')
INSERT dbo.TCity(cZipCode, cCity) VALUES (N'4426', 'Espergærde')
INSERT dbo.TCity(cZipCode, cCity) VALUES (N'6878', 'Valby')
INSERT dbo.TCity(cZipCode, cCity) VALUES (N'6098', 'Melby')
INSERT dbo.TCity(cZipCode, cCity) VALUES (N'4856', 'Frederikssund')
INSERT dbo.TCity(cZipCode, cCity) VALUES (N'4312', 'Vejby')
INSERT dbo.TCity(cZipCode, cCity) VALUES (N'4381', 'Østermarie')
INSERT dbo.TCity(cZipCode, cCity) VALUES (N'6747', 'Klampenborg')
GO

--
-- Inserting data into table dbo.TProduct
--
SET IDENTITY_INSERT dbo.TProduct ON
GO
INSERT dbo.TProduct(iProductId, cName, cDescription, fUnitPrice, fAverageRating) VALUES (1, 'Sunscreen ', 'Vel accusantium perspiciatis. Voluptatem explicabo est. Consequatur assumenda expedita. Quis iure iste. Quas et quidem. Cumque perspiciatis ullam. Omnis aspernatur quidem? Aliquam vero reprehenderit. Est at voluptatem.
Rerum voluptas.', 129.1129, 1.11)
INSERT dbo.TProduct(iProductId, cName, cDescription, fUnitPrice, fAverageRating) VALUES (2, 'Ration ', 'Et qui dolor laborum iste dolor ut. Unde perspiciatis neque aspernatur unde; quis corporis quis est neque at fugit. Ut omnis nisi adipisci enim molestiae; perspiciatis ea dolorem. Omnis quas quae...', 897.4415, NULL)
INSERT dbo.TProduct(iProductId, cName, cDescription, fUnitPrice, fAverageRating) VALUES (3, 'Camera                  ', 'Magnam saepe dicta dolor nihil sit aut numquam fugiat non. Eveniet asperiores neque. Aliquid et voluptatem. Error blanditiis vel. Tenetur repellat provident. Odio eum vitae. Fugit omnis a!
Quibusdam quis est. Error natus fugiat. Nisi.', 1946.7587, 0.44)
INSERT dbo.TProduct(iProductId, cName, cDescription, fUnitPrice, fAverageRating) VALUES (4, 'Water bottle', 'Magnam cumque beatae. Laudantium beatae ut! Non voluptatem aliquid; dolor quae at.
Omnis ducimus voluptate. Sed labore exercitationem. Itaque reprehenderit et. Sed soluta suscipit. Quam architecto minima. Quis error ipsam.', 208.0883, 4.75)
INSERT dbo.TProduct(iProductId, cName, cDescription, fUnitPrice, fAverageRating) VALUES (5, 'Sun glasses ', 'Voluptatum adipisci provident architecto odio. Et ducimus ut. Omnis sunt aliquid! Dolores et illum. Aut mollitia ut? Aut deleniti alias. Commodi ut non. Ea est aperiam! Aspernatur dolor sit? Incidunt est natus.', 719.163, 2.08)
INSERT dbo.TProduct(iProductId, cName, cDescription, fUnitPrice, fAverageRating) VALUES (6, 'Saw', 'Qui numquam et. Ab adipisci debitis excepturi sed distinctio labore sit aliquam. Consequuntur numquam molestiae aperiam et sed ipsa voluptatem aut. Est nulla omnis molestiae vel esse nihil earum molestiae.', 1978.8203, 1.16)
INSERT dbo.TProduct(iProductId, cName, cDescription, fUnitPrice, fAverageRating) VALUES (7, 'Hat  ', 'Voluptatem dolor fuga ut. Consequatur et consequatur. Ab maiores tempore; odio id harum. Quia itaque ipsa! Ut aut perspiciatis. Aliquam non et. Autem consequuntur numquam! Suscipit vero distinctio. Quia enim repellat.', 566.3247, 5)
INSERT dbo.TProduct(iProductId, cName, cDescription, fUnitPrice, fAverageRating) VALUES (8, 'RuckSack ', 'Quis quia quae aperiam asperiores. Omnis sunt eaque voluptatibus. Illo sed sit tempora facilis veniam sit error ipsa suscipit. Voluptas incidunt possimus! Sequi enim dignissimos. Eos autem est! Fuga et est.', 914.2867, 2.32)
INSERT dbo.TProduct(iProductId, cName, cDescription, fUnitPrice, fAverageRating) VALUES (9, 'Axe ', 'Dolores laudantium et ut eveniet incidunt sed deserunt qui sit. Et nisi distinctio! Temporibus veritatis sed; voluptatem qui molestiae? Quis eos voluptates. Et eos soluta. Excepturi asperiores qui. Ad dicta itaque.', 318.6991, 2.88)
INSERT dbo.TProduct(iProductId, cName, cDescription, fUnitPrice, fAverageRating) VALUES (10, 'Goretex Jacket', 'Optio magnam velit sed. Ratione delectus id expedita dolorem maiores nesciunt; aut sit perspiciatis numquam illo aut inventore. Id ipsam unde quo ullam et! Totam impedit, aut quia consequatur quas voluptas quo consectetur omnis sed.', 1302.9493, 1.51)
INSERT dbo.TProduct(iProductId, cName, cDescription, fUnitPrice, fAverageRating) VALUES (11, 'Wood                  ', 'Est consequatur iusto. Distinctio sit maxime. Dolores voluptas voluptatem. Nulla et perspiciatis! Nemo ratione molestias. Numquam quae quia. Rem non ducimus.
Consequatur adipisci in. Velit qui ut. Vitae deserunt autem.', 138.2608, 3.79)
INSERT dbo.TProduct(iProductId, cName, cDescription, fUnitPrice, fAverageRating) VALUES (12, 'Pants', 'Temporibus cupiditate voluptas magnam tenetur et explicabo. Veniam iure quis ut? Et pariatur qui recusandae! Consequatur error sit sint incidunt accusantium cumque quasi non vero aliquam odio. Sit tenetur et sit sed.', 1175.6923, 5)
INSERT dbo.TProduct(iProductId, cName, cDescription, fUnitPrice, fAverageRating) VALUES (13, 'Heineken', 'At sunt enim.
Ut debitis quidem expedita voluptates. Aliquid reprehenderit magni quaerat vero laborum omnis a; architecto facere eos facilis. Qui dolores ex ut harum!', 202.8207, 3.94)
INSERT dbo.TProduct(iProductId, cName, cDescription, fUnitPrice, fAverageRating) VALUES (14, 'Shovel', 'Dolorum ratione omnis ut est quia; optio ipsa quia. Omnis neque sit.
Voluptatem magnam numquam ullam. Placeat praesentium pariatur excepturi minima aut qui nam ex non cupiditate dolor. Aliquid corporis reiciendis. Suscipit sint accusamus.', 1918.4952, 5)
INSERT dbo.TProduct(iProductId, cName, cDescription, fUnitPrice, fAverageRating) VALUES (15, 'Matchbox', 'Est sit distinctio eos recusandae maiores ab hic mollitia eos facilis molestiae. Qui molestias deserunt soluta error, consequuntur vel nesciunt dicta pariatur aut autem.', 1537.7787, 2.46)
INSERT dbo.TProduct(iProductId, cName, cDescription, fUnitPrice, fAverageRating) VALUES (16, 'Boots ', 'Aut velit vitae dolorum sint est. Amet dicta nulla! Voluptatem assumenda temporibus? Repellat beatae animi. Optio est ullam? Perferendis sit ducimus. Perferendis quasi minima. Consequuntur sit at? Aut et eos.', 376.1208, 3.94)
INSERT dbo.TProduct(iProductId, cName, cDescription, fUnitPrice, fAverageRating) VALUES (17, 'Utility Knife ', 'Odio ut fugit sint, dolore perspiciatis error unde inventore sed.
Consequatur voluptas rem vero repellat; odio necessitatibus magni. Deleniti magnam eius ipsam cum aliquam adipisci quia hic sunt quisquam. Error ipsam qui.', 403.2254, NULL)
INSERT dbo.TProduct(iProductId, cName, cDescription, fUnitPrice, fAverageRating) VALUES (18, 'Goreteks Jacket ', 'In quos sunt, facilis excepturi iste perspiciatis porro rerum odio. Unde id laborum. Sed maiores voluptatum. Natus sint sed. Corrupti consectetur nesciunt! Voluptatem veritatis est. Placeat unde libero; tempora nobis consequatur.
Eveniet.', 1744.7925, 0.06)
INSERT dbo.TProduct(iProductId, cName, cDescription, fUnitPrice, fAverageRating) VALUES (19, 'Fanny pack           ', 'Sed est voluptatem impedit optio est magni vel aut. Ipsum sit fuga sint? Ut quas voluptatum iusto et nihil quibusdam eaque sint error eum. Voluptatem aut temporibus sit aut a est et obcaecati voluptate molestiae laboriosam! Ad omnis aut.', 710.3739, 3.59)
INSERT dbo.TProduct(iProductId, cName, cDescription, fUnitPrice, fAverageRating) VALUES (20, 'Flashlight', 'Veritatis animi ut. Est modi voluptas! Provident est eaque. Quibusdam eum non. Eos ullam et! Qui perferendis illo. Ratione ut nihil. Voluptas accusamus incidunt. Non cumque beatae. Inventore vitae sed.
', 463.4645, 5)
INSERT dbo.TProduct(iProductId, cName, cDescription, fUnitPrice, fAverageRating) VALUES (21, 'Walking stick             ', 'Velit sapiente quis. Voluptatem delectus amet. Quaerat sit aut. Unde laboriosam earum. Unde consectetur consequuntur! Omnis aspernatur ut. Facilis vel assumenda.
Dolorem vero odio. Vel omnis veritatis. Quisquam explicabo iste.', 750.1547, NULL)
INSERT dbo.TProduct(iProductId, cName, cDescription, fUnitPrice, fAverageRating) VALUES (22, 'Saw', 'At voluptates explicabo. Incidunt sint fuga iste laboriosam et, ut sed veritatis ipsam quia quas. Doloribus et, ipsum neque inventore numquam officia non dolore error qui perspiciatis!', 1571.4099, 4.86)
INSERT dbo.TProduct(iProductId, cName, cDescription, fUnitPrice, fAverageRating) VALUES (23, 'Ration ', 'Totam ipsum magni omnis ut assumenda nulla blanditiis facere perferendis. Quia magni aliquam dicta unde consequatur quo. Dolor consequatur cum, et magnam tenetur excepturi maiores modi eum minima alias!', 1573.7808, 3.47)
INSERT dbo.TProduct(iProductId, cName, cDescription, fUnitPrice, fAverageRating) VALUES (24, 'Pants', 'Quo ipsa iste. Aut necessitatibus omnis voluptatem ut error eum minus sed. Unde aut fugiat perspiciatis voluptas, facilis aperiam reprehenderit excepturi natus asperiores.
Nihil architecto ut. Facere accusantium magni. Natus amet debitis.', 765.8933, 1.51)
INSERT dbo.TProduct(iProductId, cName, cDescription, fUnitPrice, fAverageRating) VALUES (25, 'Axe ', 'Ipsa voluptas voluptatum odit, odio iste deleniti sint sit nobis nostrum iste.
Natus quis error maxime iusto est rerum impedit consequatur ut laborum enim. Cupiditate cumque voluptate. Dolorum fugit laborum.', 1421.2084, 5)
INSERT dbo.TProduct(iProductId, cName, cDescription, fUnitPrice, fAverageRating) VALUES (26, 'Heineken', 'Ab reprehenderit sit voluptatem impedit sint aspernatur. Cum recusandae qui.
Dolorum unde maxime. Consequatur enim non; laboriosam delectus ut? Aliquam debitis sit. Ipsum incidunt sit. Aperiam ab ut! Veniam et sint.', 932.553, 5)
INSERT dbo.TProduct(iProductId, cName, cDescription, fUnitPrice, fAverageRating) VALUES (27, 'Wood                  ', 'Ducimus ut adipisci quis eos tempore. Vel fugit possimus saepe cumque illo modi illo cumque et. Aperiam molestiae, omnis unde eveniet est esse ullam doloribus quisquam aliquam eaque. Fugit magnam omnis! Accusantium qui libero...
A quisquam.', 1655.2292, 5)
INSERT dbo.TProduct(iProductId, cName, cDescription, fUnitPrice, fAverageRating) VALUES (28, 'Camera                  ', 'Voluptatum necessitatibus dolores rerum. Facere facilis ipsam aliquam. Est qui repellat quae harum illo quia rerum distinctio. Architecto culpa error.
Aut impedit recusandae. Libero dignissimos ea. Est ducimus ea! Libero ipsa rerum.', 1047.1748, 2.45)
INSERT dbo.TProduct(iProductId, cName, cDescription, fUnitPrice, fAverageRating) VALUES (29, 'Utility Knife ', 'Minima quibusdam ut. Culpa magni quas! Nostrum nihil est. Maiores quia sint. Aperiam ut beatae. Natus laborum accusantium! Ab eligendi optio. Error laudantium et. Optio aut voluptatem!
Magnam atque et.', 788.2992, 1.46)
INSERT dbo.TProduct(iProductId, cName, cDescription, fUnitPrice, fAverageRating) VALUES (30, 'Sunscreen ', 'Quo quia libero.
Praesentium illo error. Iste ut et! Itaque suscipit cupiditate? Quia atque iste. Sit dolorum incidunt; omnis sapiente enim. Quisquam odit distinctio. Eos accusantium aspernatur; qui error non.', 999.6633, 5)
INSERT dbo.TProduct(iProductId, cName, cDescription, fUnitPrice, fAverageRating) VALUES (31, 'Goretex Jacket', 'Voluptas minima dolores, dicta voluptas explicabo iste modi qui unde nulla molestiae. Est praesentium doloribus aperiam impedit est, deleniti hic quis repellendus nesciunt quia. Itaque minus quia? Et quisquam hic.', 337.5181, 2.16)
INSERT dbo.TProduct(iProductId, cName, cDescription, fUnitPrice, fAverageRating) VALUES (32, 'Matchbox', 'Ut mollitia officiis. Soluta cum nobis. Sit deserunt sit. Enim omnis est. Ad laudantium qui.
Ut labore doloremque. Consequatur dicta nulla. Est iusto illum; illum praesentium ex? Et voluptatibus aliquid.', 1335.2634, 4.03)
INSERT dbo.TProduct(iProductId, cName, cDescription, fUnitPrice, fAverageRating) VALUES (33, 'Shovel', 'Earum est facere est ipsam eveniet. Voluptatem aperiam enim. Et ut facilis? Eum qui nam omnis est qui. Tenetur iusto quam ratione enim quis error, placeat asperiores vel! In inventore ullam. Dicta labore perspiciatis; sit accusantium.', 652.1898, 5)
INSERT dbo.TProduct(iProductId, cName, cDescription, fUnitPrice, fAverageRating) VALUES (34, 'Fanny pack           ', 'Id exercitationem fugit dolor. Explicabo consectetur voluptatem quas voluptatem quo incidunt ut; sed repellendus quasi quisquam ea eveniet. Porro iusto optio nam consequatur error quibusdam quaerat, repudiandae harum tenetur mollitia.', 1370.3268, 2.09)
INSERT dbo.TProduct(iProductId, cName, cDescription, fUnitPrice, fAverageRating) VALUES (35, 'Water bottle', 'Pariatur sed velit. Odio ut repellendus. Provident minus harum? Ut iste sit. Accusamus harum voluptates. Corrupti tempora porro; aliquam voluptates atque.
Omnis praesentium adipisci. Quia facilis voluptatem! Voluptatem atque numquam;', 873.8257, 3.19)
INSERT dbo.TProduct(iProductId, cName, cDescription, fUnitPrice, fAverageRating) VALUES (36, 'Sun glasses ', 'Unde doloremque consequuntur aut omnis. Fugiat et asperiores quia est cupiditate! Enim exercitationem sed nihil perspiciatis quisquam voluptatibus. Tempora unde magni; sed iste delectus ipsam sit excepturi consequuntur est distinctio.', 1775.5121, 0.55)
INSERT dbo.TProduct(iProductId, cName, cDescription, fUnitPrice, fAverageRating) VALUES (37, 'Hat  ', 'Rerum natus vero numquam omnis iste sunt doloremque iure nobis facilis corporis. Reprehenderit numquam sed non! Repellat sed at ut inventore et incidunt similique adipisci est eum rem.', 1346.6288, 3.93)
INSERT dbo.TProduct(iProductId, cName, cDescription, fUnitPrice, fAverageRating) VALUES (38, 'Flashlight', 'Autem mollitia temporibus. Animi odit sint, ut qui beatae praesentium distinctio laboriosam ut. Consectetur quam in. Debitis cum quod. Voluptatem eius quia! Quam aspernatur consectetur? Quis numquam omnis. Quas cumque omnis; sed repellat.', 339.5074, 0.85)
INSERT dbo.TProduct(iProductId, cName, cDescription, fUnitPrice, fAverageRating) VALUES (39, 'Boots ', 'Aut consequatur est. Voluptatibus enim omnis! Totam est temporibus? Quo sunt quos. In et sit! Non reiciendis quam? Et dicta voluptatem; beatae neque molestiae; deleniti ex voluptatem? Nihil dolor voluptates.
', 477.114, 3.53)
INSERT dbo.TProduct(iProductId, cName, cDescription, fUnitPrice, fAverageRating) VALUES (40, 'RuckSack ', 'Aut nostrum error vel nam quia ut et. In fugit voluptatum omnis magni at autem sequi. Unde quibusdam autem! Natus quas quae odio dolor illum, repellat doloremque commodi explicabo beatae sunt.', 1961.086, 0)
INSERT dbo.TProduct(iProductId, cName, cDescription, fUnitPrice, fAverageRating) VALUES (41, 'Walking stick             ', 'Provident excepturi pariatur tempora temporibus rerum. Quis id voluptatem labore perferendis dolorem. Voluptatem magnam deserunt autem deleniti tempore sunt. Unde hic beatae. Iste qui aliquid. At velit rerum! Delectus ipsa ex.', 840.596, 5)
INSERT dbo.TProduct(iProductId, cName, cDescription, fUnitPrice, fAverageRating) VALUES (42, 'Goreteks Jacket ', 'Quia ab tenetur. Labore voluptatem id. Ipsa iusto eos. Minus excepturi ratione. Numquam in enim. Accusantium saepe dicta. Voluptatem sit vel. Ut deserunt quis. Dolorum qui iure.
Tenetur dolores natus.', 674.7213, 0.93)
INSERT dbo.TProduct(iProductId, cName, cDescription, fUnitPrice, fAverageRating) VALUES (43, 'Sunscreen ', 'Laboriosam modi natus. Repudiandae labore ut. Commodi omnis neque. Aspernatur sit sint. Nam natus quas! Illo unde et. Ut illum natus. Culpa explicabo minus? Tempore earum vel. Optio consequuntur quasi.
', 503.6457, 1.57)
INSERT dbo.TProduct(iProductId, cName, cDescription, fUnitPrice, fAverageRating) VALUES (44, 'Water bottle', 'Suscipit in iusto iste eum incidunt velit quidem sit corporis in aut.', 876.1133, 5)
INSERT dbo.TProduct(iProductId, cName, cDescription, fUnitPrice, fAverageRating) VALUES (45, 'Ration ', 'Sed necessitatibus dolor eius reprehenderit, ipsam unde delectus ut commodi et; obcaecati et qui. Et atque voluptatum; perferendis ratione impedit. Sed voluptatem minima. Ut impedit nulla. Rerum ea sed. Sapiente eum quia; sunt ut.', 1756.9785, 4.61)
INSERT dbo.TProduct(iProductId, cName, cDescription, fUnitPrice, fAverageRating) VALUES (46, 'Camera                  ', 'Ad magni sit itaque dicta est quam rerum temporibus. Ab ut perspiciatis dolor sed consectetur est tempore aspernatur vel amet! Et facilis unde, facere quia perferendis nemo sapiente vel blanditiis qui asperiores. Rerum aspernatur nihil.', 708.2427, 3.84)
INSERT dbo.TProduct(iProductId, cName, cDescription, fUnitPrice, fAverageRating) VALUES (47, 'Pants', 'Pariatur in corporis, quia deleniti perspiciatis illum assumenda ipsum qui laboriosam voluptatem. Ex nostrum, explicabo eveniet quibusdam aut fugit dolorem et accusantium labore maxime!', 1919.6976, 1.94)
INSERT dbo.TProduct(iProductId, cName, cDescription, fUnitPrice, fAverageRating) VALUES (48, 'Wood                  ', 'Vel consectetur est. Aut sed non. Veritatis beatae omnis. Quis voluptate sit! Officiis sint optio? Sit qui et. Et sit et. Minima ratione sint. Tempore dignissimos aut. Soluta quia praesentium.
', 1869.6461, 4.66)
INSERT dbo.TProduct(iProductId, cName, cDescription, fUnitPrice, fAverageRating) VALUES (49, 'Saw', 'Repellendus incidunt voluptatibus. Dolor error unde! Consequatur qui natus. Accusamus voluptatem vel. Doloribus provident hic. Pariatur a nihil. Commodi magnam aut. Qui est fugit.
Ullam omnis velit. Porro in soluta.', 179.639, 0.99)
INSERT dbo.TProduct(iProductId, cName, cDescription, fUnitPrice, fAverageRating) VALUES (50, 'Heineken', 'Voluptate voluptatem consequatur voluptatem in esse aspernatur est molestiae magnam unde ea.', 1778.9592, 1.64)
GO
SET IDENTITY_INSERT dbo.TProduct OFF
GO

--
-- Inserting data into table dbo.TUser
--
SET IDENTITY_INSERT dbo.TUser ON
GO
INSERT dbo.TUser(iUserId, cEmail, cFirstName, cLastName, cAddress, cZipCode, cPhoneNo, fTotalPaid) VALUES (1, 'GaleL_Elliott@example.com', 'Gale', 'Legg', '1862 Cedar Tree Blvd', '3315', '318-3177', NULL)
INSERT dbo.TUser(iUserId, cEmail, cFirstName, cLastName, cAddress, cZipCode, cPhoneNo, fTotalPaid) VALUES (2, 'CletusAlford929@nowhere.com', 'Sisse', 'Noland', '14 Waterview Road', '3315', '867-0182', 8506303.1059)
INSERT dbo.TUser(iUserId, cEmail, cFirstName, cLastName, cAddress, cZipCode, cPhoneNo, fTotalPaid) VALUES (3, 'Beatty@nowhere.com', 'Rodrick', 'Hinton', '635 Flintwood Circle', '4475', '353-7640', 6170941.3404)
INSERT dbo.TUser(iUserId, cEmail, cFirstName, cLastName, cAddress, cZipCode, cPhoneNo, fTotalPaid) VALUES (4, 'mftalix5377@nowhere.com', 'Kareem', 'Ritchey', '3178 East Edgewood Cir', '4312', '713-7376', 671948.8884)
INSERT dbo.TUser(iUserId, cEmail, cFirstName, cLastName, cAddress, cZipCode, cPhoneNo, fTotalPaid) VALUES (5, 'Erna.Clemons391@example.com', 'Petrine', 'Nolen', '1871 Hunting Hill Way', '7696', '540-5340', 9482326.1914)
INSERT dbo.TUser(iUserId, cEmail, cFirstName, cLastName, cAddress, cZipCode, cPhoneNo, fTotalPaid) VALUES (6, 'AllenHeffner446@example.com', 'Jerrod', 'Ritchie', '3279 North Hunting Hill Court', '7696', '792-4178', 7099522.4188)
INSERT dbo.TUser(iUserId, cEmail, cFirstName, cLastName, cAddress, cZipCode, cPhoneNo, fTotalPaid) VALUES (7, 'HaskinsA577@example.com', 'Nanna', 'Leggett', '818 Brentwood Parkway', '7249', '150-7747', 6031753.2828)
INSERT dbo.TUser(iUserId, cEmail, cFirstName, cLastName, cAddress, cZipCode, cPhoneNo, fTotalPaid) VALUES (8, 'Archer@example.com', 'Bitten', 'Noonan', '55 East Monument Pkwy', '2053', '892-6826', 6145790.732)
INSERT dbo.TUser(iUserId, cEmail, cFirstName, cLastName, cAddress, cZipCode, cPhoneNo, fTotalPaid) VALUES (9, 'Chappell@example.com', 'Celina', 'Bales', '1443 Front Blvd', '6632', '017-7809', 197.7658)
INSERT dbo.TUser(iUserId, cEmail, cFirstName, cLastName, cAddress, cZipCode, cPhoneNo, fTotalPaid) VALUES (10, 'Britt@example.com', 'Hannah', 'Hirsch', '902 Burwood Blvd', '6341', '208-5894', 8739688.0135)
INSERT dbo.TUser(iUserId, cEmail, cFirstName, cLastName, cAddress, cZipCode, cPhoneNo, fTotalPaid) VALUES (11, 'Connie.Logan@nowhere.com', 'Marlon', 'Ritter', '1147 W Buttonwood Way', '8100', '687-0905', 6555066.9225)
INSERT dbo.TUser(iUserId, cEmail, cFirstName, cLastName, cAddress, cZipCode, cPhoneNo, fTotalPaid) VALUES (12, 'Gerald_R.Kinder@nowhere.com', 'Charlotte', 'Sepulveda', '369 S Buttonwood St', '4089', '933-4761', 7063747.0768)
INSERT dbo.TUser(iUserId, cEmail, cFirstName, cLastName, cAddress, cZipCode, cPhoneNo, fTotalPaid) VALUES (13, 'RichBuckner86@example.com', 'Hilma', 'Norfleet', '2001 Hidden Glenwood Lane', '3396', '551-3435', 3145048.1067)
INSERT dbo.TUser(iUserId, cEmail, cFirstName, cLastName, cAddress, cZipCode, cPhoneNo, fTotalPaid) VALUES (14, 'AntonySotelo@nowhere.com', 'Nicoline', 'Tucker', '2186 Red Hunting Hill Ct', '6080', '994-3446', 4201922.6042)
INSERT dbo.TUser(iUserId, cEmail, cFirstName, cLastName, cAddress, cZipCode, cPhoneNo, fTotalPaid) VALUES (15, 'SophiaVallejo@nowhere.com', 'Alvilda', 'Lehman', '747 White Ironwood Way', '6080', '568-7359', 6043054.8669)
INSERT dbo.TUser(iUserId, cEmail, cFirstName, cLastName, cAddress, cZipCode, cPhoneNo, fTotalPaid) VALUES (16, 'Sipes947@example.com', 'Agnete', 'Rivas', '416 North Farmview Ct', '8533', '444-1554', 4338841.7128)
INSERT dbo.TUser(iUserId, cEmail, cFirstName, cLastName, cAddress, cZipCode, cPhoneNo, fTotalPaid) VALUES (17, 'AndreaHopson4@nowhere.com', 'Sandra', 'Serna', '3369 Hidden Sharp Hill Loop', '8100', '225-7490', 1715900.018)
INSERT dbo.TUser(iUserId, cEmail, cFirstName, cLastName, cAddress, cZipCode, cPhoneNo, fTotalPaid) VALUES (18, 'hulgccma_eszyd@example.com', 'Birgith', 'Noriega', '26 SE Chapel Hill Rd', '5063', '379-9610', 7065018.4757)
INSERT dbo.TUser(iUserId, cEmail, cFirstName, cLastName, cAddress, cZipCode, cPhoneNo, fTotalPaid) VALUES (19, 'Abbott@example.com', 'Matt', 'Hitchcock', '2396 Hidden Church Ln', '6293', '278-1497', 6465090.8724)
INSERT dbo.TUser(iUserId, cEmail, cFirstName, cLastName, cAddress, cZipCode, cPhoneNo, fTotalPaid) VALUES (20, 'Josiah.Packard766@example.com', 'Rebecca', 'Tuggle', '921 North Rushwood Road', '3894', '129-7467', 4256011.3567)
INSERT dbo.TUser(iUserId, cEmail, cFirstName, cLastName, cAddress, cZipCode, cPhoneNo, fTotalPaid) VALUES (21, 'Pendergrass@example.com', 'Alice', 'Calhoun', '49 Social Ln', '1187', '632-6959', 4217.2942)
INSERT dbo.TUser(iUserId, cEmail, cFirstName, cLastName, cAddress, cZipCode, cPhoneNo, fTotalPaid) VALUES (22, 'Barnard67@example.com', 'Dagmar', 'Rivera', '24 NE Stonewood Parkway', '8533', '588-9670', 2294534.801)
INSERT dbo.TUser(iUserId, cEmail, cFirstName, cLastName, cAddress, cZipCode, cPhoneNo, fTotalPaid) VALUES (23, 'Naia.Henson49@example.com', 'Cathrine', 'Gist', '2234 Rockwood Road', '4312', '014-6001', 9.5087)
INSERT dbo.TUser(iUserId, cEmail, cFirstName, cLastName, cAddress, cZipCode, cPhoneNo, fTotalPaid) VALUES (24, 'ClayBetz@example.com', 'Ned', 'Norman', '3603 Woodfort Cir', '4426', '945-9523', 326774.7361)
INSERT dbo.TUser(iUserId, cEmail, cFirstName, cLastName, cAddress, cZipCode, cPhoneNo, fTotalPaid) VALUES (25, 'Lawler@example.com', 'Alex', 'Lehmann', '237 S Sharp Hill Pkwy', '6028', '961-6604', 2984350.6202)
INSERT dbo.TUser(iUserId, cEmail, cFirstName, cLastName, cAddress, cZipCode, cPhoneNo, fTotalPaid) VALUES (26, 'AgnesRaley6@example.com', 'Helen', 'Rivers', '212 NW Deepwood Loop', '6256', '898-5258', NULL)
INSERT dbo.TUser(iUserId, cEmail, cFirstName, cLastName, cAddress, cZipCode, cPhoneNo, fTotalPaid) VALUES (27, 'Antoinette_Yoder@example.com', 'Virgil', 'Norris', '135 2nd Lane', '7098', '380-5541', 9020497.7386)
INSERT dbo.TUser(iUserId, cEmail, cFirstName, cLastName, cAddress, cZipCode, cPhoneNo, fTotalPaid) VALUES (28, 'BerthaEchevarria68@example.com', 'Jane', 'Hobbs', '3936 West Deepwood Ct', '4816', '641-0501', 7296.094)
INSERT dbo.TUser(iUserId, cEmail, cFirstName, cLastName, cAddress, cZipCode, cPhoneNo, fTotalPaid) VALUES (29, 'Ackerman@example.com', 'Birte', 'Leigh', '48 North Sharp Hill Ct', '4078', '594-5122', 4220351.1703)
INSERT dbo.TUser(iUserId, cEmail, cFirstName, cLastName, cAddress, cZipCode, cPhoneNo, fTotalPaid) VALUES (30, 'Annette.Furr695@nowhere.com', 'Rolf', 'Dooley', '509 Hidden Edgewood Road', '6028', '658-4982', 7109372.373)
INSERT dbo.TUser(iUserId, cEmail, cFirstName, cLastName, cAddress, cZipCode, cPhoneNo, fTotalPaid) VALUES (31, 'Arnoldo.Markley@example.com', 'Raleigh', 'Hobson', '1891 Riverview Ct', '6293', '075-4999', NULL)
INSERT dbo.TUser(iUserId, cEmail, cFirstName, cLastName, cAddress, cZipCode, cPhoneNo, fTotalPaid) VALUES (32, 'DuaneOlds662@example.com', 'Elin', 'Ball', '608 Ski Hill Lane', '8533', '598-7109', 2817287.4691)
INSERT dbo.TUser(iUserId, cEmail, cFirstName, cLastName, cAddress, cZipCode, cPhoneNo, fTotalPaid) VALUES (33, 'Kevin.R_Acker@example.com', 'Astrid', 'Givens', '364 NE Deepwood Ct', '8533', '807-4185', 140.3807)
INSERT dbo.TUser(iUserId, cEmail, cFirstName, cLastName, cAddress, cZipCode, cPhoneNo, fTotalPaid) VALUES (34, 'Murrell@nowhere.com', 'Noe', 'Rizzo', '2118 North Church Ln', '7098', '515-2596', 3121296.3402)
INSERT dbo.TUser(iUserId, cEmail, cFirstName, cLastName, cAddress, cZipCode, cPhoneNo, fTotalPaid) VALUES (35, 'Ali684@nowhere.com', 'Beate', 'Doran', '94 Quailwood Street', '7249', '778-5633', 9425883.7349)
INSERT dbo.TUser(iUserId, cEmail, cFirstName, cLastName, cAddress, cZipCode, cPhoneNo, fTotalPaid) VALUES (36, 'xgqyzpbn.flsirgbmn@example.com', 'Harriet', 'Serrano', '3895 W Riverside Way', '7249', '117-6471', 5455569.9694)
INSERT dbo.TUser(iUserId, cEmail, cFirstName, cLastName, cAddress, cZipCode, cPhoneNo, fTotalPaid) VALUES (37, 'rhtc4042@example.com', 'Magda', 'Leighton', '3961 Social Lane', '6098', '162-2479', 2649235.1475)
INSERT dbo.TUser(iUserId, cEmail, cFirstName, cLastName, cAddress, cZipCode, cPhoneNo, fTotalPaid) VALUES (38, 'vfmvx7368@example.com', 'Jarrod', 'Calkins', '926 Mountain Ln', '1187', '785-9143', 4570184.7418)
INSERT dbo.TUser(iUserId, cEmail, cFirstName, cLastName, cAddress, cZipCode, cPhoneNo, fTotalPaid) VALUES (39, 'Bravo9@nowhere.com', 'Hipolito', 'North', '922 Bayview Highway', '7953', '197-2663', 6649720.3782)
INSERT dbo.TUser(iUserId, cEmail, cFirstName, cLastName, cAddress, cZipCode, cPhoneNo, fTotalPaid) VALUES (40, 'sewj6614@nowhere.com', 'Lincoln', 'Roach', '3899 SW Cedar Tree Pkwy', '5126', '537-9058', 9167753.3857)
INSERT dbo.TUser(iUserId, cEmail, cFirstName, cLastName, cAddress, cZipCode, cPhoneNo, fTotalPaid) VALUES (41, 'Maren_Rinaldi@example.com', 'Arden', 'Gladden', '1762 South Mount Road', '7611', '754-6845', 6529420.2041)
INSERT dbo.TUser(iUserId, cEmail, cFirstName, cLastName, cAddress, cZipCode, cPhoneNo, fTotalPaid) VALUES (42, 'MonaRiley@nowhere.com', 'Keven', 'Ballard', '73 White Ironwood Highway', '6080', '383-8730', 2812135.3742)
INSERT dbo.TUser(iUserId, cEmail, cFirstName, cLastName, cAddress, cZipCode, cPhoneNo, fTotalPaid) VALUES (43, 'Jane.Ralston999@nowhere.com', 'Harriet', 'Norton', '912 Red Glenwood Ave', '6672', '449-5623', 3.1797)
INSERT dbo.TUser(iUserId, cEmail, cFirstName, cLastName, cAddress, cZipCode, cPhoneNo, fTotalPaid) VALUES (44, 'gzch1645@example.com', 'Hulda', 'Roark', '857 Chapel Hill Highway', '4089', '420-3249', 1037913.806)
INSERT dbo.TUser(iUserId, cEmail, cFirstName, cLastName, cAddress, cZipCode, cPhoneNo, fTotalPaid) VALUES (45, 'Abraham@example.com', 'Andrea', 'Norwood', '1032 Riddle Hill Lane', '8100', '297-0185', 965129.8518)
INSERT dbo.TUser(iUserId, cEmail, cFirstName, cLastName, cAddress, cZipCode, cPhoneNo, fTotalPaid) VALUES (46, 'MarianneMcbee1@nowhere.com', 'Horacio', 'Hodge', '869 Rockwood Highway', '1463', '048-6424', 5332923.5476)
INSERT dbo.TUser(iUserId, cEmail, cFirstName, cLastName, cAddress, cZipCode, cPhoneNo, fTotalPaid) VALUES (47, 'AdolfoBuford@nowhere.com', 'Maibrit', 'Lemaster', '3715 Old Church Parkway', '8100', '835-6840', 941.2593)
INSERT dbo.TUser(iUserId, cEmail, cFirstName, cLastName, cAddress, cZipCode, cPhoneNo, fTotalPaid) VALUES (48, 'Josue_Petrie@nowhere.com', 'Rikke', 'Turley', '2629 White Brentwood Street', '4426', '209-3664', 1638679.6488)
INSERT dbo.TUser(iUserId, cEmail, cFirstName, cLastName, cAddress, cZipCode, cPhoneNo, fTotalPaid) VALUES (49, 'Cromer@nowhere.com', 'Jensine', 'Sessions', '294 W Woodland Parkway', '2053', '142-2834', 3.951)
INSERT dbo.TUser(iUserId, cEmail, cFirstName, cLastName, cAddress, cZipCode, cPhoneNo, fTotalPaid) VALUES (50, 'Anni_Nugent343@example.com', 'Adalberto', 'Hodges', '1591 East Flintwood Ct', '8533', '259-6119', 9423300.4727)
GO
SET IDENTITY_INSERT dbo.TUser OFF
GO

--
-- Inserting data into table dbo.TCreditCard
--
INSERT dbo.TCreditCard(cCreditCardNo, iUserId, cCardholderName, cExpiration, cCCV) VALUES (N'6219030114829428', 32, 'Abraham Acevedo', '1970-01-04', 499)
INSERT dbo.TCreditCard(cCreditCardNo, iUserId, cCardholderName, cExpiration, cCCV) VALUES (N'6393761636051939', 23, 'Jacobine Lord', '1994-09-08', 964)
INSERT dbo.TCreditCard(cCreditCardNo, iUserId, cCardholderName, cExpiration, cCCV) VALUES (N'3569557052342652', 41, 'Agnethe Lind', '1970-01-08', 156)
INSERT dbo.TCreditCard(cCreditCardNo, iUserId, cCardholderName, cExpiration, cCCV) VALUES (N'6388319094617167', 21, 'Mary Beaudoin', '1977-12-08', 363)
INSERT dbo.TCreditCard(cCreditCardNo, iUserId, cCardholderName, cExpiration, cCCV) VALUES (N'5465638948752575', 32, 'Jason Blackmon', '2001-10-11', 110)
INSERT dbo.TCreditCard(cCreditCardNo, iUserId, cCardholderName, cExpiration, cCCV) VALUES (N'347583787596847', 49, NULL, '1997-10-26', 791)
INSERT dbo.TCreditCard(cCreditCardNo, iUserId, cCardholderName, cExpiration, cCCV) VALUES (N'344261595389365', 18, 'Cæcilie Card', '2008-07-09', 791)
INSERT dbo.TCreditCard(cCreditCardNo, iUserId, cCardholderName, cExpiration, cCCV) VALUES (N'39000301492299', 40, 'Carroll Binder', '1985-03-20', 824)
INSERT dbo.TCreditCard(cCreditCardNo, iUserId, cCardholderName, cExpiration, cCCV) VALUES (N'6213004299221251', 3, 'Maynard Brockman', '1979-10-09', 458)
INSERT dbo.TCreditCard(cCreditCardNo, iUserId, cCardholderName, cExpiration, cCCV) VALUES (N'3554742126190165', 22, 'Hanne Charlton', '1991-01-14', 342)
INSERT dbo.TCreditCard(cCreditCardNo, iUserId, cCardholderName, cExpiration, cCCV) VALUES (N'30380484016407', 28, 'Frederikke Cartwright', '1971-10-01', 509)
INSERT dbo.TCreditCard(cCreditCardNo, iUserId, cCardholderName, cExpiration, cCCV) VALUES (N'6398396566636220', 1, 'Fabian Dalton', '1979-04-23', 233)
INSERT dbo.TCreditCard(cCreditCardNo, iUserId, cCardholderName, cExpiration, cCCV) VALUES (N'30955940004285', 44, 'Isreal Dougherty', '2009-03-10', 571)
INSERT dbo.TCreditCard(cCreditCardNo, iUserId, cCardholderName, cExpiration, cCCV) VALUES (N'38644647818955', 6, 'Forrest Babb', '1970-03-07', 349)
INSERT dbo.TCreditCard(cCreditCardNo, iUserId, cCardholderName, cExpiration, cCCV) VALUES (N'6378541446671780', 31, 'Augustine Corbin', '1971-02-19', 236)
INSERT dbo.TCreditCard(cCreditCardNo, iUserId, cCardholderName, cExpiration, cCCV) VALUES (N'379017043712501', 47, 'Roland Rowan', '2017-11-14', 239)
INSERT dbo.TCreditCard(cCreditCardNo, iUserId, cCardholderName, cExpiration, cCCV) VALUES (N'4844611435105222', 50, 'Alma Laporte', '1970-01-25', 466)
INSERT dbo.TCreditCard(cCreditCardNo, iUserId, cCardholderName, cExpiration, cCCV) VALUES (N'6228587668822793', 42, 'Deandre Ortiz', '1970-10-03', 351)
INSERT dbo.TCreditCard(cCreditCardNo, iUserId, cCardholderName, cExpiration, cCCV) VALUES (N'6225351472624843', 48, 'Inga Neville', '1974-08-31', 856)
INSERT dbo.TCreditCard(cCreditCardNo, iUserId, cCardholderName, cExpiration, cCCV) VALUES (N'6244897943913873', 11, 'Grant Ackerman', '1979-06-16', 613)
INSERT dbo.TCreditCard(cCreditCardNo, iUserId, cCardholderName, cExpiration, cCCV) VALUES (N'3543399198062253', 34, 'Celina Ambrose', '1991-03-20', 866)
INSERT dbo.TCreditCard(cCreditCardNo, iUserId, cCardholderName, cExpiration, cCCV) VALUES (N'3539989793557099', 24, 'Frida Bratton', '1988-10-09', 970)
INSERT dbo.TCreditCard(cCreditCardNo, iUserId, cCardholderName, cExpiration, cCCV) VALUES (N'344240961646368', 6, 'Booker Jackson', '1993-12-11', 705)
INSERT dbo.TCreditCard(cCreditCardNo, iUserId, cCardholderName, cExpiration, cCCV) VALUES (N'4917747522028687', 8, 'Gerd Jacobsen', '1992-06-27', 521)
INSERT dbo.TCreditCard(cCreditCardNo, iUserId, cCardholderName, cExpiration, cCCV) VALUES (N'345102876781160', 16, 'Smilla Bond', '1970-01-10', 189)
INSERT dbo.TCreditCard(cCreditCardNo, iUserId, cCardholderName, cExpiration, cCCV) VALUES (N'6227534692308390', 18, 'Kelly Benner', '1991-12-15', 833)
INSERT dbo.TCreditCard(cCreditCardNo, iUserId, cCardholderName, cExpiration, cCCV) VALUES (N'4844822486652646', 11, 'Conny Capps', '1994-10-29', 740)
INSERT dbo.TCreditCard(cCreditCardNo, iUserId, cCardholderName, cExpiration, cCCV) VALUES (N'6389150953239002', 22, 'James Leclair', '1993-02-16', 584)
INSERT dbo.TCreditCard(cCreditCardNo, iUserId, cCardholderName, cExpiration, cCCV) VALUES (N'5153607265552667', 40, 'Harriet Alston', '1982-03-21', 692)
INSERT dbo.TCreditCard(cCreditCardNo, iUserId, cCardholderName, cExpiration, cCCV) VALUES (N'6392229280103985', 38, 'Jeanne Bain', '1971-05-15', 197)
INSERT dbo.TCreditCard(cCreditCardNo, iUserId, cCardholderName, cExpiration, cCCV) VALUES (N'5525408303712467', 33, 'Sally Babb', '1970-01-04', 893)
INSERT dbo.TCreditCard(cCreditCardNo, iUserId, cCardholderName, cExpiration, cCCV) VALUES (N'5525232972299279', 24, 'Cortez Becnel', '2019-08-26', 334)
INSERT dbo.TCreditCard(cCreditCardNo, iUserId, cCardholderName, cExpiration, cCCV) VALUES (N'30470104528830', 8, 'Iris Alvarado', '1972-09-17', 223)
INSERT dbo.TCreditCard(cCreditCardNo, iUserId, cCardholderName, cExpiration, cCCV) VALUES (N'347625927436168', 2, 'Ian Falls', '2011-10-23', 577)
INSERT dbo.TCreditCard(cCreditCardNo, iUserId, cCardholderName, cExpiration, cCCV) VALUES (N'5514607551627581', 49, 'Stanton Colbert', '2004-04-23', 973)
INSERT dbo.TCreditCard(cCreditCardNo, iUserId, cCardholderName, cExpiration, cCCV) VALUES (N'6246448975774805', 45, 'Carla Acker', '2015-07-23', 550)
INSERT dbo.TCreditCard(cCreditCardNo, iUserId, cCardholderName, cExpiration, cCCV) VALUES (N'349763845559460', 4, 'Pedro Harley', '1991-07-21', 759)
INSERT dbo.TCreditCard(cCreditCardNo, iUserId, cCardholderName, cExpiration, cCCV) VALUES (N'30174605840443', 12, 'Ahmed Burkett', '1997-09-06', 807)
INSERT dbo.TCreditCard(cCreditCardNo, iUserId, cCardholderName, cExpiration, cCCV) VALUES (N'30120373055615', 49, 'Sille Bobo', '1971-08-25', 415)
INSERT dbo.TCreditCard(cCreditCardNo, iUserId, cCardholderName, cExpiration, cCCV) VALUES (N'6391372132192995', 16, 'Darrin Downey', '1989-09-12', 484)
INSERT dbo.TCreditCard(cCreditCardNo, iUserId, cCardholderName, cExpiration, cCCV) VALUES (N'5263219638335254', 12, 'Sherwood Moody', '2014-07-04', 680)
INSERT dbo.TCreditCard(cCreditCardNo, iUserId, cCardholderName, cExpiration, cCCV) VALUES (N'341012592279825', 30, 'Laurence Deloach', '1970-02-07', 189)
INSERT dbo.TCreditCard(cCreditCardNo, iUserId, cCardholderName, cExpiration, cCCV) VALUES (N'5291497446982055', 24, 'Malou Cameron', '1970-01-13', 993)
INSERT dbo.TCreditCard(cCreditCardNo, iUserId, cCardholderName, cExpiration, cCCV) VALUES (N'4913249879091651', 11, 'Abraham Berryman', '2017-03-07', 347)
INSERT dbo.TCreditCard(cCreditCardNo, iUserId, cCardholderName, cExpiration, cCCV) VALUES (N'6398557355686482', 37, NULL, '1993-02-18', 610)
INSERT dbo.TCreditCard(cCreditCardNo, iUserId, cCardholderName, cExpiration, cCCV) VALUES (N'30058131166474', 22, 'Abe Addison', '1998-01-23', 689)
INSERT dbo.TCreditCard(cCreditCardNo, iUserId, cCardholderName, cExpiration, cCCV) VALUES (N'3568131805054252', 45, NULL, '1970-11-03', 614)
INSERT dbo.TCreditCard(cCreditCardNo, iUserId, cCardholderName, cExpiration, cCCV) VALUES (N'4405870361692642', 6, 'Petrine Neumann', '1995-06-11', 416)
INSERT dbo.TCreditCard(cCreditCardNo, iUserId, cCardholderName, cExpiration, cCCV) VALUES (N'6218259927495496', 46, 'Charlotte Tang', '1971-03-16', 801)
INSERT dbo.TCreditCard(cCreditCardNo, iUserId, cCardholderName, cExpiration, cCCV) VALUES (N'30456898197916', 39, 'Abe Prosser', '1993-06-30', 207)
GO

--
-- Inserting data into table dbo.TInvoice
--
SET IDENTITY_INSERT dbo.TInvoice ON
GO
INSERT dbo.TInvoice(iInvoiceId, dDate, iVat, fTotalPrice, iUserId, cCreditCardNo) VALUES (1, '1987-10-09 19:39:44.9220000', 17, 147.9626, 24, '3569557052342652')
INSERT dbo.TInvoice(iInvoiceId, dDate, iVat, fTotalPrice, iUserId, cCreditCardNo) VALUES (2, '1978-10-20 16:41:15.5540000', 17, 608.4138, 10, '344240961646368')
INSERT dbo.TInvoice(iInvoiceId, dDate, iVat, fTotalPrice, iUserId, cCreditCardNo) VALUES (3, '2009-08-20 06:24:18.4250000', 22, 402.5369, 21, '6228587668822793')
INSERT dbo.TInvoice(iInvoiceId, dDate, iVat, fTotalPrice, iUserId, cCreditCardNo) VALUES (4, '1970-03-08 21:51:25.0220000', 23, 1873.455, 28, '341012592279825')
INSERT dbo.TInvoice(iInvoiceId, dDate, iVat, fTotalPrice, iUserId, cCreditCardNo) VALUES (5, '1980-09-14 18:13:06.6610000', 12, 1295.527, 34, '6244897943913873')
INSERT dbo.TInvoice(iInvoiceId, dDate, iVat, fTotalPrice, iUserId, cCreditCardNo) VALUES (6, '1973-05-20 17:23:33.8290000', 10, 835.7872, 14, '30058131166474')
INSERT dbo.TInvoice(iInvoiceId, dDate, iVat, fTotalPrice, iUserId, cCreditCardNo) VALUES (7, '1996-01-24 20:50:31.4230000', 22, 1696.8231, 13, '6392229280103985')
INSERT dbo.TInvoice(iInvoiceId, dDate, iVat, fTotalPrice, iUserId, cCreditCardNo) VALUES (8, '1974-05-18 17:24:41.5070000', 21, 1219.613, 39, '6228587668822793')
INSERT dbo.TInvoice(iInvoiceId, dDate, iVat, fTotalPrice, iUserId, cCreditCardNo) VALUES (9, '2017-04-14 09:00:59.2380000', 16, 1874.1775, 12, '6225351472624843')
INSERT dbo.TInvoice(iInvoiceId, dDate, iVat, fTotalPrice, iUserId, cCreditCardNo) VALUES (10, '1985-12-17 23:32:34.7840000', 10, 922.3045, 20, '3568131805054252')
INSERT dbo.TInvoice(iInvoiceId, dDate, iVat, fTotalPrice, iUserId, cCreditCardNo) VALUES (11, '1995-03-11 07:17:22.4330000', 17, 1606.2199, 8, '30120373055615')
INSERT dbo.TInvoice(iInvoiceId, dDate, iVat, fTotalPrice, iUserId, cCreditCardNo) VALUES (12, '1971-05-12 00:52:30.7320000', 14, 1454.1216, 4, '3569557052342652')
INSERT dbo.TInvoice(iInvoiceId, dDate, iVat, fTotalPrice, iUserId, cCreditCardNo) VALUES (13, '1972-09-10 02:25:22.5280000', 18, 137.6214, 31, '4844822486652646')
INSERT dbo.TInvoice(iInvoiceId, dDate, iVat, fTotalPrice, iUserId, cCreditCardNo) VALUES (14, '1981-07-15 22:19:00.5100000', 25, 1983.0865, 27, '30380484016407')
INSERT dbo.TInvoice(iInvoiceId, dDate, iVat, fTotalPrice, iUserId, cCreditCardNo) VALUES (15, '2001-12-14 08:17:28.3350000', 24, 870.5405, 29, '3554742126190165')
INSERT dbo.TInvoice(iInvoiceId, dDate, iVat, fTotalPrice, iUserId, cCreditCardNo) VALUES (16, '1996-06-10 14:01:34.6420000', 13, 697.3001, 33, '6225351472624843')
INSERT dbo.TInvoice(iInvoiceId, dDate, iVat, fTotalPrice, iUserId, cCreditCardNo) VALUES (17, '1987-11-20 19:14:59.3500000', 13, 972.8329, 26, '6393761636051939')
INSERT dbo.TInvoice(iInvoiceId, dDate, iVat, fTotalPrice, iUserId, cCreditCardNo) VALUES (18, '1978-09-30 17:17:04.0890000', 16, 661.6166, 38, '347625927436168')
INSERT dbo.TInvoice(iInvoiceId, dDate, iVat, fTotalPrice, iUserId, cCreditCardNo) VALUES (19, '2002-10-31 01:23:32.8960000', 13, 961.5669, 33, '5153607265552667')
INSERT dbo.TInvoice(iInvoiceId, dDate, iVat, fTotalPrice, iUserId, cCreditCardNo) VALUES (20, '1994-08-04 04:53:09.2450000', 19, 677.5261, 13, '4917747522028687')
INSERT dbo.TInvoice(iInvoiceId, dDate, iVat, fTotalPrice, iUserId, cCreditCardNo) VALUES (21, '1986-04-02 13:16:50.4230000', 22, 1440.7815, 28, '38644647818955')
INSERT dbo.TInvoice(iInvoiceId, dDate, iVat, fTotalPrice, iUserId, cCreditCardNo) VALUES (22, '1977-10-23 17:58:31.0010000', 19, 1226.98, 2, '3554742126190165')
INSERT dbo.TInvoice(iInvoiceId, dDate, iVat, fTotalPrice, iUserId, cCreditCardNo) VALUES (23, '2014-10-22 23:51:13.5650000', 20, 103.885, 36, '30470104528830')
INSERT dbo.TInvoice(iInvoiceId, dDate, iVat, fTotalPrice, iUserId, cCreditCardNo) VALUES (24, '2003-07-23 15:22:27.2310000', 20, 1699.8507, 47, '6398396566636220')
INSERT dbo.TInvoice(iInvoiceId, dDate, iVat, fTotalPrice, iUserId, cCreditCardNo) VALUES (25, '1979-02-06 01:47:56.4250000', 19, 934.1678, 43, '6378541446671780')
INSERT dbo.TInvoice(iInvoiceId, dDate, iVat, fTotalPrice, iUserId, cCreditCardNo) VALUES (26, '1994-08-02 01:24:16.9990000', 24, 1830.689, 26, '347625927436168')
INSERT dbo.TInvoice(iInvoiceId, dDate, iVat, fTotalPrice, iUserId, cCreditCardNo) VALUES (27, '2015-08-17 18:09:30.4170000', 22, 520.7162, 41, '5525232972299279')
INSERT dbo.TInvoice(iInvoiceId, dDate, iVat, fTotalPrice, iUserId, cCreditCardNo) VALUES (28, '1977-12-30 23:22:41.3380000', 24, 656.2076, 7, '6244897943913873')
INSERT dbo.TInvoice(iInvoiceId, dDate, iVat, fTotalPrice, iUserId, cCreditCardNo) VALUES (29, '1991-07-06 11:23:01.0350000', 24, 372.3246, 7, '347625927436168')
INSERT dbo.TInvoice(iInvoiceId, dDate, iVat, fTotalPrice, iUserId, cCreditCardNo) VALUES (30, '2019-01-20 21:09:04.0010000', 20, 728.7261, 12, '6246448975774805')
INSERT dbo.TInvoice(iInvoiceId, dDate, iVat, fTotalPrice, iUserId, cCreditCardNo) VALUES (31, '1997-10-20 02:42:53.0850000', 12, 184.1262, 15, '5465638948752575')
INSERT dbo.TInvoice(iInvoiceId, dDate, iVat, fTotalPrice, iUserId, cCreditCardNo) VALUES (32, '1975-10-29 05:28:27.9020000', 24, 1521.8486, 10, '379017043712501')
INSERT dbo.TInvoice(iInvoiceId, dDate, iVat, fTotalPrice, iUserId, cCreditCardNo) VALUES (33, '1990-06-11 21:18:00.6260000', 11, 1280.9807, 33, '39000301492299')
INSERT dbo.TInvoice(iInvoiceId, dDate, iVat, fTotalPrice, iUserId, cCreditCardNo) VALUES (34, '1976-06-06 09:43:14.0880000', 15, 1547.0567, 35, '4913249879091651')
INSERT dbo.TInvoice(iInvoiceId, dDate, iVat, fTotalPrice, iUserId, cCreditCardNo) VALUES (35, '2009-09-16 07:20:33.2000000', 18, 1239.4211, 44, '3554742126190165')
INSERT dbo.TInvoice(iInvoiceId, dDate, iVat, fTotalPrice, iUserId, cCreditCardNo) VALUES (36, '2009-10-25 14:45:33.8810000', 13, 1014.3708, 6, '3539989793557099')
INSERT dbo.TInvoice(iInvoiceId, dDate, iVat, fTotalPrice, iUserId, cCreditCardNo) VALUES (37, '2016-05-28 18:12:16.7370000', 21, 1742.4423, 39, '6219030114829428')
INSERT dbo.TInvoice(iInvoiceId, dDate, iVat, fTotalPrice, iUserId, cCreditCardNo) VALUES (38, '2001-08-17 05:13:16.0300000', 18, 1896.2753, 49, '5263219638335254')
INSERT dbo.TInvoice(iInvoiceId, dDate, iVat, fTotalPrice, iUserId, cCreditCardNo) VALUES (39, '2012-05-09 20:31:57.1130000', 15, 1413.6406, 48, '30955940004285')
INSERT dbo.TInvoice(iInvoiceId, dDate, iVat, fTotalPrice, iUserId, cCreditCardNo) VALUES (40, '1971-10-06 00:27:43.0780000', 10, 1781.0449, 6, '5263219638335254')
INSERT dbo.TInvoice(iInvoiceId, dDate, iVat, fTotalPrice, iUserId, cCreditCardNo) VALUES (41, '1991-12-20 22:51:41.0020000', 17, 1106.2579, 18, '5465638948752575')
INSERT dbo.TInvoice(iInvoiceId, dDate, iVat, fTotalPrice, iUserId, cCreditCardNo) VALUES (42, '2003-10-08 13:10:55.0080000', 11, 1395.772, 27, '6392229280103985')
INSERT dbo.TInvoice(iInvoiceId, dDate, iVat, fTotalPrice, iUserId, cCreditCardNo) VALUES (43, '2006-03-14 08:45:37.5740000', 22, 1266.9354, 23, '3569557052342652')
INSERT dbo.TInvoice(iInvoiceId, dDate, iVat, fTotalPrice, iUserId, cCreditCardNo) VALUES (44, '1979-12-30 18:37:08.2600000', 19, 519.7444, 40, '4913249879091651')
INSERT dbo.TInvoice(iInvoiceId, dDate, iVat, fTotalPrice, iUserId, cCreditCardNo) VALUES (45, '2013-03-28 14:02:53.6650000', 14, 985.2514, 15, '6388319094617167')
INSERT dbo.TInvoice(iInvoiceId, dDate, iVat, fTotalPrice, iUserId, cCreditCardNo) VALUES (46, '1983-01-16 21:16:58.6710000', 19, 1379.5747, 38, '345102876781160')
INSERT dbo.TInvoice(iInvoiceId, dDate, iVat, fTotalPrice, iUserId, cCreditCardNo) VALUES (47, '2002-07-22 01:12:19.1100000', 22, 1151.3885, 49, '347625927436168')
INSERT dbo.TInvoice(iInvoiceId, dDate, iVat, fTotalPrice, iUserId, cCreditCardNo) VALUES (48, '1979-02-16 08:53:54.3860000', 20, 290.2642, 41, '6246448975774805')
INSERT dbo.TInvoice(iInvoiceId, dDate, iVat, fTotalPrice, iUserId, cCreditCardNo) VALUES (49, '1982-10-16 07:18:59.4570000', 16, 1241.9606, 17, '5291497446982055')
INSERT dbo.TInvoice(iInvoiceId, dDate, iVat, fTotalPrice, iUserId, cCreditCardNo) VALUES (50, '1979-05-08 08:11:50.0050000', 15, 877.1855, 22, '4917747522028687')
GO
SET IDENTITY_INSERT dbo.TInvoice OFF
GO

--
-- Inserting data into table dbo.TInvoiceLine
--
SET IDENTITY_INSERT dbo.TInvoiceLine ON
GO
INSERT dbo.TInvoiceLine(iInvoiceLineId, iProductId, iInvoiceId, fPrice, iQuantity) VALUES (1, 7, 22, 294.8076, 7)
INSERT dbo.TInvoiceLine(iInvoiceLineId, iProductId, iInvoiceId, fPrice, iQuantity) VALUES (2, 28, 1, 520.3599, 6)
INSERT dbo.TInvoiceLine(iInvoiceLineId, iProductId, iInvoiceId, fPrice, iQuantity) VALUES (3, 27, 27, 1287.0349, 8)
INSERT dbo.TInvoiceLine(iInvoiceLineId, iProductId, iInvoiceId, fPrice, iQuantity) VALUES (4, 45, 22, 1353.487, 54)
INSERT dbo.TInvoiceLine(iInvoiceLineId, iProductId, iInvoiceId, fPrice, iQuantity) VALUES (5, 1, 39, 938.2585, 11)
INSERT dbo.TInvoiceLine(iInvoiceLineId, iProductId, iInvoiceId, fPrice, iQuantity) VALUES (6, 28, 30, 1410.058, 7)
INSERT dbo.TInvoiceLine(iInvoiceLineId, iProductId, iInvoiceId, fPrice, iQuantity) VALUES (7, 21, 46, 930.5099, 80)
INSERT dbo.TInvoiceLine(iInvoiceLineId, iProductId, iInvoiceId, fPrice, iQuantity) VALUES (8, 23, 38, 1827.7154, 31)
INSERT dbo.TInvoiceLine(iInvoiceLineId, iProductId, iInvoiceId, fPrice, iQuantity) VALUES (9, 42, 17, 1501.3422, 20)
INSERT dbo.TInvoiceLine(iInvoiceLineId, iProductId, iInvoiceId, fPrice, iQuantity) VALUES (10, 11, 46, 1547.2157, 79)
INSERT dbo.TInvoiceLine(iInvoiceLineId, iProductId, iInvoiceId, fPrice, iQuantity) VALUES (11, 4, 48, 461.8675, 75)
INSERT dbo.TInvoiceLine(iInvoiceLineId, iProductId, iInvoiceId, fPrice, iQuantity) VALUES (12, 37, 16, 414.4612, 81)
INSERT dbo.TInvoiceLine(iInvoiceLineId, iProductId, iInvoiceId, fPrice, iQuantity) VALUES (13, 8, 3, 894.3264, 78)
INSERT dbo.TInvoiceLine(iInvoiceLineId, iProductId, iInvoiceId, fPrice, iQuantity) VALUES (14, 21, 10, 720.971, 15)
INSERT dbo.TInvoiceLine(iInvoiceLineId, iProductId, iInvoiceId, fPrice, iQuantity) VALUES (15, 42, 43, 823.8435, 28)
INSERT dbo.TInvoiceLine(iInvoiceLineId, iProductId, iInvoiceId, fPrice, iQuantity) VALUES (16, 3, 47, 947.417, 60)
INSERT dbo.TInvoiceLine(iInvoiceLineId, iProductId, iInvoiceId, fPrice, iQuantity) VALUES (17, 5, 23, 471.2838, 2)
INSERT dbo.TInvoiceLine(iInvoiceLineId, iProductId, iInvoiceId, fPrice, iQuantity) VALUES (18, 24, 8, 145.2989, 19)
INSERT dbo.TInvoiceLine(iInvoiceLineId, iProductId, iInvoiceId, fPrice, iQuantity) VALUES (19, 33, 32, 1707.6214, 78)
INSERT dbo.TInvoiceLine(iInvoiceLineId, iProductId, iInvoiceId, fPrice, iQuantity) VALUES (20, 33, 45, 1270.674, 75)
INSERT dbo.TInvoiceLine(iInvoiceLineId, iProductId, iInvoiceId, fPrice, iQuantity) VALUES (21, 4, 1, 125.0182, 4)
INSERT dbo.TInvoiceLine(iInvoiceLineId, iProductId, iInvoiceId, fPrice, iQuantity) VALUES (22, 32, 36, 1437.8708, 1)
INSERT dbo.TInvoiceLine(iInvoiceLineId, iProductId, iInvoiceId, fPrice, iQuantity) VALUES (23, 22, 8, 1352.5502, 86)
INSERT dbo.TInvoiceLine(iInvoiceLineId, iProductId, iInvoiceId, fPrice, iQuantity) VALUES (24, 23, 12, 1804.1325, 30)
INSERT dbo.TInvoiceLine(iInvoiceLineId, iProductId, iInvoiceId, fPrice, iQuantity) VALUES (25, 47, 24, 887.4569, 90)
INSERT dbo.TInvoiceLine(iInvoiceLineId, iProductId, iInvoiceId, fPrice, iQuantity) VALUES (26, 13, 27, 1499.8616, 41)
INSERT dbo.TInvoiceLine(iInvoiceLineId, iProductId, iInvoiceId, fPrice, iQuantity) VALUES (27, 41, 34, 308.1375, 25)
INSERT dbo.TInvoiceLine(iInvoiceLineId, iProductId, iInvoiceId, fPrice, iQuantity) VALUES (28, 40, 15, 1713.5851, 27)
INSERT dbo.TInvoiceLine(iInvoiceLineId, iProductId, iInvoiceId, fPrice, iQuantity) VALUES (29, 37, 12, 1526.3251, 3)
INSERT dbo.TInvoiceLine(iInvoiceLineId, iProductId, iInvoiceId, fPrice, iQuantity) VALUES (30, 47, 21, 220.7191, 41)
INSERT dbo.TInvoiceLine(iInvoiceLineId, iProductId, iInvoiceId, fPrice, iQuantity) VALUES (31, 13, 2, 948.7251, 50)
INSERT dbo.TInvoiceLine(iInvoiceLineId, iProductId, iInvoiceId, fPrice, iQuantity) VALUES (32, 46, 44, 1924.9409, 65)
INSERT dbo.TInvoiceLine(iInvoiceLineId, iProductId, iInvoiceId, fPrice, iQuantity) VALUES (33, 19, 17, 450.5349, 11)
INSERT dbo.TInvoiceLine(iInvoiceLineId, iProductId, iInvoiceId, fPrice, iQuantity) VALUES (34, 28, 9, 915.8527, 71)
INSERT dbo.TInvoiceLine(iInvoiceLineId, iProductId, iInvoiceId, fPrice, iQuantity) VALUES (35, 19, 7, 1413.0411, 63)
INSERT dbo.TInvoiceLine(iInvoiceLineId, iProductId, iInvoiceId, fPrice, iQuantity) VALUES (36, 19, 34, 247.4664, 6)
INSERT dbo.TInvoiceLine(iInvoiceLineId, iProductId, iInvoiceId, fPrice, iQuantity) VALUES (37, 4, 44, 1894.7032, 20)
INSERT dbo.TInvoiceLine(iInvoiceLineId, iProductId, iInvoiceId, fPrice, iQuantity) VALUES (38, 20, 40, 1121.2542, 97)
INSERT dbo.TInvoiceLine(iInvoiceLineId, iProductId, iInvoiceId, fPrice, iQuantity) VALUES (39, 43, 6, 781.9604, 22)
INSERT dbo.TInvoiceLine(iInvoiceLineId, iProductId, iInvoiceId, fPrice, iQuantity) VALUES (40, 1, 34, 1721.5922, 37)
INSERT dbo.TInvoiceLine(iInvoiceLineId, iProductId, iInvoiceId, fPrice, iQuantity) VALUES (41, 20, 25, 1073.2515, 96)
INSERT dbo.TInvoiceLine(iInvoiceLineId, iProductId, iInvoiceId, fPrice, iQuantity) VALUES (42, 17, 14, 366.1952, 28)
INSERT dbo.TInvoiceLine(iInvoiceLineId, iProductId, iInvoiceId, fPrice, iQuantity) VALUES (43, 12, 9, 492.547, 37)
INSERT dbo.TInvoiceLine(iInvoiceLineId, iProductId, iInvoiceId, fPrice, iQuantity) VALUES (44, 15, 50, 169.4027, 96)
INSERT dbo.TInvoiceLine(iInvoiceLineId, iProductId, iInvoiceId, fPrice, iQuantity) VALUES (45, 4, 3, 585.4423, 12)
INSERT dbo.TInvoiceLine(iInvoiceLineId, iProductId, iInvoiceId, fPrice, iQuantity) VALUES (46, 47, 35, 263.1762, 42)
INSERT dbo.TInvoiceLine(iInvoiceLineId, iProductId, iInvoiceId, fPrice, iQuantity) VALUES (47, 8, 47, 711.0305, 85)
INSERT dbo.TInvoiceLine(iInvoiceLineId, iProductId, iInvoiceId, fPrice, iQuantity) VALUES (48, 48, 47, 1758.867, 99)
INSERT dbo.TInvoiceLine(iInvoiceLineId, iProductId, iInvoiceId, fPrice, iQuantity) VALUES (49, 2, 8, 710.888, 8)
INSERT dbo.TInvoiceLine(iInvoiceLineId, iProductId, iInvoiceId, fPrice, iQuantity) VALUES (50, 17, 25, 391.8323, 82)
GO
SET IDENTITY_INSERT dbo.TInvoiceLine OFF
GO

--
-- Inserting data into table dbo.TRating
--
INSERT dbo.TRating(iProductId, iUserId, iRating, cComment) VALUES (47, 47, 4, 'Simplistically, the progress of the formal action likely the constructive criticism. This seems to be a notably obvious step towards the structure absorption the positive influence of any functional testing.  ')
INSERT dbo.TRating(iProductId, iUserId, iRating, cComment) VALUES (9, 9, 5, 'It goes without saying that the edge of the comprehensive methods facilitates access to the ultimate advantage of considerable advancement over alternate practices.  ')
INSERT dbo.TRating(iProductId, iUserId, iRating, cComment) VALUES (18, 18, 0, 'One cannot possibly accept the fact that the example of the corporate asset growth may motivate developers to work out the entity integrity. It may reveal how the independent knowledge briefly the conceptual design the more operating speed model of the overall scores.  ')
INSERT dbo.TRating(iProductId, iUserId, iRating, cComment) VALUES (4, 4, 5, NULL)
INSERT dbo.TRating(iProductId, iUserId, iRating, cComment) VALUES (28, 28, 3, 'Fortunately, the evaluation of reliability activities for any of the primary element provides a prominent example of the data management and data architecture framework. We must be ready for integration prospects and well-known practice investigation of every contradiction between the functional testing and the valuable information.  ')
INSERT dbo.TRating(iProductId, iUserId, iRating, cComment) VALUES (50, 50, 2, 'Let''s consider, that the basic layout for a number of the basic reason of the entity integrity needs to be processed together with the the emergency planning. It may reveal how the significant improvement accordingly the referential arguments.')
INSERT dbo.TRating(iProductId, iUserId, iRating, cComment) VALUES (45, 45, 1, 'We must bear in mind that the tasks priority management and growth opportunities of it are quite high. Resulting from review or analysis of threats and opportunities, we can presume that with help of the criterion provides a glimpse at every contradiction between the goals and objectives and the relational approach.  ')
INSERT dbo.TRating(iProductId, iUserId, iRating, cComment) VALUES (48, 48, 1, 'It is necessary to point out that the task analysis in its influence on each of the strategic decisions gives us a clear notion of the prominent landmarks. Everyone understands what it takes to the strategic management. Such tendency may methodically originate from the product design and development the set of related commands and controls.  ')
INSERT dbo.TRating(iProductId, iUserId, iRating, cComment) VALUES (46, 46, 4, 'It is necessary to point out that the advantage of the basic feature may share attitudes on the participant evaluation sample. It may reveal how the optimization scenario basically the diverse sources of information.')
INSERT dbo.TRating(iProductId, iUserId, iRating, cComment) VALUES (23, 23, 2, 'It is obvious, that organization of the comprehensive methods must stay true to the key factor. Everyone understands what it takes to the minor details of major decisions, that lie behind the formal review of opportunities the general features and possibilities of the permanent growth.  ')
INSERT dbo.TRating(iProductId, iUserId, iRating, cComment) VALUES (13, 13, 3, 'Looking it another way, the major accomplishments, such as the continuing support, the data management and data architecture framework, the first-class package or the major decisions, that lie behind the sufficient amount shows a stable performance in development of the system concepts. Everyone understands what it takes to the productivity boost.')
INSERT dbo.TRating(iProductId, iUserId, iRating, cComment) VALUES (19, 19, 2, 'For a number of reasons, the advantage of the basic feature may share attitudes on what is conventionally known as final draft.  ')
INSERT dbo.TRating(iProductId, iUserId, iRating, cComment) VALUES (42, 42, 5, NULL)
INSERT dbo.TRating(iProductId, iUserId, iRating, cComment) VALUES (14, 14, 2, 'At any rate, the example of the specific decisions should correlate with the questionable thesis.  ')
INSERT dbo.TRating(iProductId, iUserId, iRating, cComment) VALUES (20, 20, 1, 'Thus, final stages of the first-class package becomes even more complex when compared with the strategic planning. This could partially be a result of a ground-breaking technology.  ')
INSERT dbo.TRating(iProductId, iUserId, iRating, cComment) VALUES (49, 49, 0, 'According to some experts, the pursuance of major area of expertise minimizes influence of the hardware maintenance. Thus a complete understanding is missing.  ')
INSERT dbo.TRating(iProductId, iUserId, iRating, cComment) VALUES (15, 15, 1, 'It is necessary to point out that all approaches to the creation of the edge of the diverse sources of information underlines the limitations of the entire picture.  ')
INSERT dbo.TRating(iProductId, iUserId, iRating, cComment) VALUES (37, 37, 0, 'To straighten it out, the edge of the strategic decision provides a solid basis for the preliminary action plan.  ')
INSERT dbo.TRating(iProductId, iUserId, iRating, cComment) VALUES (43, 43, 1, NULL)
INSERT dbo.TRating(iProductId, iUserId, iRating, cComment) VALUES (21, 21, 5, 'Besides, the explicit examination of development process  requires urgent actions to be taken towards the questionable thesis.  ')
INSERT dbo.TRating(iProductId, iUserId, iRating, cComment) VALUES (29, 29, 1, 'In the meantime core concept of the basic feature the general features and possibilities of the emergency planning the high performance of the structure absorption. It may reveal how the major and minor objectives immediately what is conventionally known as optimization scenario the questionable thesis.')
INSERT dbo.TRating(iProductId, iUserId, iRating, cComment) VALUES (38, 38, 1, 'As for some of the structured technology analysis, it is clear that details of the comprehensive methods must stay true to the structured technology analysis. We must be ready for development process  and set of related commands and controls investigation of the competitive development and manufacturing.')
INSERT dbo.TRating(iProductId, iUserId, iRating, cComment) VALUES (10, 10, 2, 'On top of that all approaches to the creation of any part of the effective time management may motivate developers to work out what is conventionally known as key factor.  ')
INSERT dbo.TRating(iProductId, iUserId, iRating, cComment) VALUES (16, 16, 4, 'Furthermore, one should not forget that the unification of the integrated collection of software engineering standards minimizes influence of the valuable information. Everyone understands what it takes to the more standards control of the base configuration the efficient decision.  ')
INSERT dbo.TRating(iProductId, iUserId, iRating, cComment) VALUES (5, 5, 3, 'The majority of examinations of the wasted impacts show that a key factor of the deep analysis may motivate developers to work out what can be classified as the operating speed model.  ')
INSERT dbo.TRating(iProductId, iUserId, iRating, cComment) VALUES (11, 11, 3, 'To be honest, the structure of the essence will require a vast knowledge. Focusing on the latest investigations, we can positively say that a surprising flexibility in a small part of the matrix of available reinforces the argument for the proper strategy of the basic reason of the development sequence.  ')
INSERT dbo.TRating(iProductId, iUserId, iRating, cComment) VALUES (24, 24, 3, 'On the other hand, the exceptional results of the competitive development and manufacturing may motivate developers to work out the proper difference of the technical requirements.  ')
INSERT dbo.TRating(iProductId, iUserId, iRating, cComment) VALUES (30, 30, 2, 'Perhaps we should also point out the fact that a number of brand new approaches has been tested during the the improvement of the emergency planning. It''s a well-known fact that there is a direct relation between the system mechanism and the structure of the prominent landmarks.')
INSERT dbo.TRating(iProductId, iUserId, iRating, cComment) VALUES (25, 25, 5, 'It is worth emphasizing that a lot of effort has been invested into the systems approach. Focusing on the latest investigations, we can positively say that the matter of the strategic decision the referential arguments.')
INSERT dbo.TRating(iProductId, iUserId, iRating, cComment) VALUES (22, 22, 4, 'Eventually, concentration of core concept of the standards control should correlate with every contradiction between the design aspects and the content testing method.  ')
INSERT dbo.TRating(iProductId, iUserId, iRating, cComment) VALUES (44, 44, 1, 'For instance, the core principles represents opportunities for the proper usage of the ability bias.  ')
INSERT dbo.TRating(iProductId, iUserId, iRating, cComment) VALUES (6, 6, 1, 'So far, criteria of impact of the comprehensive set of policy statements ensures integrity of the operations research. The real reason of the driving factor approximately any important or implicative approach the competitive development and manufacturing. The task analysis turns it into something strategically real.  ')
INSERT dbo.TRating(iProductId, iUserId, iRating, cComment) VALUES (31, 31, 5, 'Eventually, the unification of the corporate ethics and philosophy becomes even more complex when compared with the storage area. It should rather be regarded as an integral part of the participant evaluation sample.  ')
INSERT dbo.TRating(iProductId, iUserId, iRating, cComment) VALUES (39, 39, 3, 'In spite of the fact that the influence of the relation between the key principles and the critical thinking may share attitudes on the consequential risks.')
INSERT dbo.TRating(iProductId, iUserId, iRating, cComment) VALUES (26, 26, 0, 'Thus, each of the basic feature becomes extremely important for the irrelevance of estimation.  ')
INSERT dbo.TRating(iProductId, iUserId, iRating, cComment) VALUES (32, 32, 4, 'A number of key issues arise from the belief that final stages of the operating speed model poses problems and challenges for both the specific decisions and the data management and data architecture framework.  ')
INSERT dbo.TRating(iProductId, iUserId, iRating, cComment) VALUES (17, 17, 5, 'Although, the explicit examination of effective mechanism must take into account the possibility of the general features and possibilities of the internal network.  ')
INSERT dbo.TRating(iProductId, iUserId, iRating, cComment) VALUES (12, 12, 5, NULL)
INSERT dbo.TRating(iProductId, iUserId, iRating, cComment) VALUES (1, 1, 0, 'As a matter of fact, the raw draft of the operational system gives us a clear notion of any specific decisions. This may be done through the participant evaluation sample.  ')
INSERT dbo.TRating(iProductId, iUserId, iRating, cComment) VALUES (34, 34, 3, 'At any rate, criteria of segments of the critical thinking gives us a clear notion of every contradiction between the systems approach and the design patterns.  ')
INSERT dbo.TRating(iProductId, iUserId, iRating, cComment) VALUES (40, 40, 2, 'Regardless of the fact that the evolution of the deep analysis will possibly result in the preliminary action plan.  ')
INSERT dbo.TRating(iProductId, iUserId, iRating, cComment) VALUES (27, 27, 1, 'By some means, final stages of the crucial component remains the crucial component of the effective mechanism. It should rather be regarded as an integral part of the integration prospects.  ')
INSERT dbo.TRating(iProductId, iUserId, iRating, cComment) VALUES (33, 33, 5, 'Quite possibly, in the context of treatment the ultimate advantage of adaptive program over alternate practices the structured technology analysis and poses problems and challenges for both the functional testing and the software engineering concepts and practices.  ')
INSERT dbo.TRating(iProductId, iUserId, iRating, cComment) VALUES (7, 7, 1, 'To all effects and purposes, the advantage of the deep analysis is of a great interest. Simplistically, the operational system should correlate with the competitive development and manufacturing on a modern economy.  ')
INSERT dbo.TRating(iProductId, iUserId, iRating, cComment) VALUES (35, 35, 5, 'The other side of the coin is, however, that the main source of the the profit becomes a key factor of any coherent software. This may be done through the hardware maintenance.  ')
INSERT dbo.TRating(iProductId, iUserId, iRating, cComment) VALUES (41, 41, 1, 'It is undeniable that the framework of the treatment gives us a clear notion of the continuing duplication doctrine.  ')
INSERT dbo.TRating(iProductId, iUserId, iRating, cComment) VALUES (36, 36, 2, 'On the assumption of the point of the integrating procedure, the layout of the basic feature likely the more operational system of the bilateral act every contradiction between the draft analysis and prior decisions and early design solutions and the development process .  ')
INSERT dbo.TRating(iProductId, iUserId, iRating, cComment) VALUES (2, 2, 1, 'Thus, components of the structure of the predictable behavior the proper extension of the integrated collection of software engineering standards the risks of the proper capacity of the linguistic approach.  ')
INSERT dbo.TRating(iProductId, iUserId, iRating, cComment) VALUES (8, 8, 2, 'We cannot ignore the fact that the example of the emergency planning involves some problems with the subsequent actions. It may reveal how the influence on eventual productivity entirely the formal review of opportunities. It should rather be regarded as an integral part of the efficient decision the questionable thesis.  ')
INSERT dbo.TRating(iProductId, iUserId, iRating, cComment) VALUES (3, 3, 4, 'All in all, some part of the strategic decision becomes even more complex when compared with the preliminary action plan. A solution might be in a combination of effective time management and market tendencies the entity integrity on a modern economy.  ')
GO

--
-- Set NOEXEC to off
--

SET NOEXEC OFF
GO