--
-- Script was generated by Devart dbForge Data Generator for SQL Server, Version 4.2.76.0
-- Product Home Page: http://www.devart.com/dbforge/sql/data-generator/
-- Script date 12/7/2019 10:34:42 PM
-- Target server version: 15.00.2070
-- Target connection string: Data Source=localhost;Encrypt=False;Initial Catalog=Rainforest;Integrated Security=False;User ID=sa
--



SET LANGUAGE 'English'
SET DATEFORMAT ymd
SET ARITHABORT, ANSI_PADDING, ANSI_WARNINGS, CONCAT_NULL_YIELDS_NULL, QUOTED_IDENTIFIER, ANSI_NULLS, NOCOUNT ON
SET NUMERIC_ROUNDABORT, IMPLICIT_TRANSACTIONS, XACT_ABORT OFF
GO

--
-- Backing up database Rainforest
--
--
-- Create backup folder
--
IF OBJECT_ID('xp_create_subdir') IS NOT NULL
  EXEC xp_create_subdir N'C:\Program Files\Microsoft SQL Server\MSSQL15.MSSQLSERVER\MSSQL\Backup'
--
-- Backup database to the file with the name: <database_name>_<yyyy>_<mm>_<dd>_<hh>_<mi>.bak
--
DECLARE @db_name SYSNAME
SET @db_name = N'Rainforest'

DECLARE @filepath NVARCHAR(4000)
SET @filepath =
/*define base part*/ N'C:\Program Files\Microsoft SQL Server\MSSQL15.MSSQLSERVER\MSSQL\Backup\' + @db_name + '_' +
/*append date*/ REPLACE(CONVERT(NVARCHAR(10), GETDATE(), 102), '.', '_') + '_' +
/*append time*/ REPLACE(CONVERT(NVARCHAR(5), GETDATE(), 108), ':', '_') + '.bak'

DECLARE @SQL NVARCHAR(MAX)
SET @SQL = 
    N'BACKUP DATABASE ' + QUOTENAME(@db_name) + ' TO DISK = @filepath WITH INIT' + 
      CASE WHEN EXISTS(
                SELECT value
                FROM sys.configurations
                WHERE name = 'backup compression default'
          )
        THEN ', COMPRESSION'
        ELSE ''
      END

EXEC sys.sp_executesql @SQL, N'@filepath NVARCHAR(4000)', @filepath = @filepath
GO

USE Rainforest
GO

IF DB_NAME() <> N'Rainforest' SET NOEXEC ON
GO
--
-- Delete data from the table 'dbo.TRating'
--
TRUNCATE TABLE dbo.TRating
GO
--
-- Delete data from the table 'dbo.TInvoiceLine'
--
TRUNCATE TABLE dbo.TInvoiceLine
GO
--
-- Delete data from the table 'dbo.TInvoice'
--
DELETE dbo.TInvoice
GO
--
-- Delete data from the table 'dbo.TCreditCard'
--
DELETE dbo.TCreditCard
GO
--
-- Delete data from the table 'dbo.TUser'
--
DELETE dbo.TUser
GO
--
-- Delete data from the table 'dbo.TProduct'
--
DELETE dbo.TProduct
GO
--
-- Delete data from the table 'dbo.TCity'
--
DELETE dbo.TCity
GO

--
-- Inserting data into table dbo.TCity
--
INSERT dbo.TCity(cZipCode, cCity) VALUES (N'8533', 'Dronningmølle')
INSERT dbo.TCity(cZipCode, cCity) VALUES (N'7192', 'Hørsholm')
INSERT dbo.TCity(cZipCode, cCity) VALUES (N'6672', 'Skovlunde')
INSERT dbo.TCity(cZipCode, cCity) VALUES (N'6256', 'Fredensborg')
INSERT dbo.TCity(cZipCode, cCity) VALUES (N'2053', 'Nærum')
INSERT dbo.TCity(cZipCode, cCity) VALUES (N'8635', 'Ølsted')
INSERT dbo.TCity(cZipCode, cCity) VALUES (N'7249', 'Veksø Sjælland')
INSERT dbo.TCity(cZipCode, cCity) VALUES (N'1786', 'Hasle')
INSERT dbo.TCity(cZipCode, cCity) VALUES (N'7953', 'Ålsgårde')
INSERT dbo.TCity(cZipCode, cCity) VALUES (N'3315', 'Taastrup')
INSERT dbo.TCity(cZipCode, cCity) VALUES (N'4475', 'Kokkedal')
INSERT dbo.TCity(cZipCode, cCity) VALUES (N'3458', 'København S')
INSERT dbo.TCity(cZipCode, cCity) VALUES (N'3396', 'Ballerup')
INSERT dbo.TCity(cZipCode, cCity) VALUES (N'6341', 'Værløse')
INSERT dbo.TCity(cZipCode, cCity) VALUES (N'5126', 'Dyssegård')
INSERT dbo.TCity(cZipCode, cCity) VALUES (N'6693', 'Kvistgård')
INSERT dbo.TCity(cZipCode, cCity) VALUES (N'7597', 'Rønne')
INSERT dbo.TCity(cZipCode, cCity) VALUES (N'1187', 'Skævinge')
INSERT dbo.TCity(cZipCode, cCity) VALUES (N'7611', 'Nivå')
INSERT dbo.TCity(cZipCode, cCity) VALUES (N'6293', 'Farum')
INSERT dbo.TCity(cZipCode, cCity) VALUES (N'6080', 'Søborg')
INSERT dbo.TCity(cZipCode, cCity) VALUES (N'1463', 'Aakirkeby')
INSERT dbo.TCity(cZipCode, cCity) VALUES (N'6185', 'Bagsværd')
INSERT dbo.TCity(cZipCode, cCity) VALUES (N'2320', 'Måløv')
INSERT dbo.TCity(cZipCode, cCity) VALUES (N'4810', 'Ishøj')
INSERT dbo.TCity(cZipCode, cCity) VALUES (N'4816', 'Helsingør')
INSERT dbo.TCity(cZipCode, cCity) VALUES (N'5665', 'København NV')
INSERT dbo.TCity(cZipCode, cCity) VALUES (N'4596', 'Gørløse')
INSERT dbo.TCity(cZipCode, cCity) VALUES (N'6632', 'Lynge')
INSERT dbo.TCity(cZipCode, cCity) VALUES (N'8797', 'Hellebæk')
GO

--
-- Inserting data into table dbo.TProduct
--
SET IDENTITY_INSERT dbo.TProduct ON
GO
INSERT dbo.TProduct(iProductId, cName, cDescription, fUnitPrice, fAverageRating, iQuantity) VALUES (1, 'Sunscreen ', 'Vel accusantium perspiciatis maxime odit distinctio sint voluptatem et; assumenda expedita vel dignissimos iure iste ea eligendi tempora magnam quas cumque. Dolores quia expedita aspernatur quidem? Aliquam vero reprehenderit voluptatem inventore at voluptatem pariatur commodi ipsum! Nam et ipsa et est et qui dolor laborum iste dolor ut. Unde perspiciatis neque aspernatur unde. Quis corporis quis est neque at fugit. Ut omnis nisi adipisci enim molestiae. Perspiciatis ea dolorem perspiciatis quis.
Quae quis odio cumque. Quod voluptas ipsa repellat vitae. Odit placeat qui. Sit dolorem officia nihil commodi? Aut aliquid et voluptatem soluta fugiat eos eveniet! Laudantium omnis ratione. Ad odio eum.', 129.1129, 1.11, 38)
INSERT dbo.TProduct(iProductId, cName, cDescription, fUnitPrice, fAverageRating, iQuantity) VALUES (2, 'Ration ', 'Vel suscipit, totam labore deleniti et similique sint corrupti repellendus consequatur at. Necessitatibus architecto eius natus voluptatem quia. Optio veritatis debitis deleniti sunt consequatur. Dolor quae at suscipit hic. Omnis consectetur inventore perspiciatis sit exercitationem aut et. Quasi fuga quasi! Suscipit odit est non. Praesentium sit perspiciatis delectus iste nostrum et doloribus.
Assumenda vel et provident architecto odio saepe id itaque voluptates dolorum cum. Sunt aliquid officiis et. Illum sunt sit aut asperiores dolor et dolorum et voluptatem corrupti commodi. Nihil enim autem nesciunt. Culpa voluptas alias. Voluptatem voluptas facere illo! Eveniet molestiae qui numquam et.', 897.4415, NULL, NULL)
INSERT dbo.TProduct(iProductId, cName, cDescription, fUnitPrice, fAverageRating, iQuantity) VALUES (3, 'Camera                  ', 'Repellendus ratione sit aliquam. Consequuntur numquam molestiae aperiam et sed ipsa voluptatem aut? Est nulla omnis molestiae vel esse nihil earum molestiae. Hic consequuntur est quo voluptatem dolor fuga ut inventore quia facilis! Perspiciatis sequi fugiat voluptatem. Sint iste exercitationem necessitatibus eligendi repudiandae; deserunt sint possimus aut sed in qui ut quaerat earum molestiae.
Deleniti vel harum architecto sit quia enim repellat aut minima et cumque. Sunt quae aperiam asperiores natus; numquam corporis sit cum voluptatem sed id architecto natus quam magni. Sit iure repudiandae sunt? Natus earum perspiciatis amet! Sint quasi est, reprehenderit fuga et est corrupti voluptas perspiciatis numquam. Aut veniam repudiandae; sint qui perspiciatis...', 1946.7587, 0.44, 73)
INSERT dbo.TProduct(iProductId, cName, cDescription, fUnitPrice, fAverageRating, iQuantity) VALUES (4, 'Water bottle', 'Temporibus veritatis sed et sint qui...
Quia quis eos voluptates laudantium et eos soluta odio. Asperiores qui optio quisquam suscipit harum. Corporis sapiente ullam eius ab nostrum. Quia sed facilis laborum est temporibus atque. Rem sit molestiae debitis dolorem. Aut inventore voluptatem rerum quidem dolorem quo ullam. Nam qui voluptas aut quia consequatur quas voluptas quo consectetur omnis sed! Libero sequi voluptatibus quas illo consequatur, temporibus possimus distinctio sit maxime ratione. Non quae aliquid error quia quod sint iste ratione molestias quo dignissimos! Aut harum officia qui voluptatem ratione doloremque consequatur adipisci in qui omnis.', 208.0883, 4.75, 47)
INSERT dbo.TProduct(iProductId, cName, cDescription, fUnitPrice, fAverageRating, iQuantity) VALUES (5, 'Sun glasses ', 'Deleniti repellendus autem quas; ea ut temporibus cupiditate voluptas. Ullam labore et harum! Incidunt sit sapiente quis dolores obcaecati est neque. Nemo in nobis officiis reprehenderit quia officiis autem rerum cupiditate cumque aliquam! Exercitationem dicta voluptatem eum aperiam quia laboriosam sed ut odio perspiciatis similique. Sunt enim quia sit quidem est natus voluptates quas perspiciatis tempora corporis. Aut laborum possimus aut qui nemo placeat voluptas aperiam sit, voluptatem dolores. Accusamus sed, et autem minima soluta qui vitae minima quas ut et. Dicta qui, ipsa quia tempora et suscipit ea sit voluptatem magnam numquam.', 719.163, 2.08, 48)
INSERT dbo.TProduct(iProductId, cName, cDescription, fUnitPrice, fAverageRating, iQuantity) VALUES (6, 'Saw', 'Incidunt minima aut qui nam ex non cupiditate dolor sint nihil est. Quo aut sint impedit aut harum dicta, ex est sit distinctio eos? Rerum repellendus aliquam optio ut facilis molestiae dolorem hic corrupti iusto ea! At debitis vel esse minus aut autem ut animi non dolore quas? Vitae dolorum sint est ut qui maxime voluptatem ut maiores reprehenderit fugit. Error maxime sint quod consequuntur unde magnam qui ut pariatur ducimus quia? Ipsa in a aut a unde soluta quia ea recusandae eos dignissimos.', 1978.8203, 1.16, 14)
INSERT dbo.TProduct(iProductId, cName, cDescription, fUnitPrice, fAverageRating, iQuantity) VALUES (7, 'Hat  ', 'Odio ut fugit sint, dolore perspiciatis error unde inventore sed possimus quis.
Rem vero repellat doloremque omnis cupiditate consequuntur ut voluptatem tempore quam eos. Corporis quia nesciunt repudiandae, non iste vero sit labore qui nihil sed! Facilis in quos possimus voluptates enim autem perspiciatis porro rerum odio consequatur. Id laborum et voluptas obcaecati reiciendis, cumque natus sint sed rerum sit!', 566.3247, 5, 12)
INSERT dbo.TProduct(iProductId, cName, cDescription, fUnitPrice, fAverageRating, iQuantity) VALUES (8, 'RuckSack ', 'Magnam laborum assumenda mollitia et itaque et laboriosam; animi tempora facere. Quia nulla optio aut ut est voluptatem impedit. Harum consectetur itaque odit possimus molestias fuga sint repudiandae. Quas voluptatum iusto.
Culpa omnis deserunt illo est eum explicabo modi et minus quis dolor; aspernatur est et obcaecati voluptate molestiae deserunt voluptate sit, voluptatem magnam error. Aut impedit molestiae exercitationem eius omnis error sed sit id animi minima. Eveniet error quibusdam eum non aut ut qui voluptatum provident aperiam natus! Sit autem ratione ab vitae, ut commodi rerum eum accusantium velit nihil.', 914.2867, 2.32, 42)
INSERT dbo.TProduct(iProductId, cName, cDescription, fUnitPrice, fAverageRating, iQuantity) VALUES (9, 'Axe ', 'Consequatur dolor omnis voluptatibus, veniam asperiores error sapiente quis voluptate veritatis maiores; eum iure magnam et eos vero quaerat mollitia a non quaerat omnis? Odit ut omnis eos molestias quidem repudiandae aut ratione excepturi vel omnis. Ut quisquam quam error cupiditate, deleniti qui ut et facilis voluptatem omnis. Assumenda quidem voluptatem iste sit sed mollitia obcaecati aut numquam et deleniti.', 318.6991, 2.88, 6)
INSERT dbo.TProduct(iProductId, cName, cDescription, fUnitPrice, fAverageRating, iQuantity) VALUES (10, 'Goretex Jacket', 'Quo sint error et perferendis qui molestiae vitae expedita enim cupiditate voluptatem. Ipsum magni omnis ut assumenda nulla blanditiis facere perferendis. Quia magni aliquam dicta unde consequatur quo? Dolor consequatur sapiente perspiciatis nobis enim saepe vel id. Odio aut fugit eligendi in qui quo ipsa iste eligendi! Necessitatibus omnis voluptatem.
Laudantium omnis ab et expedita velit temporibus rerum perspiciatis omnis facilis aperiam. Et aliquam neque quod voluptas minima dolorum porro sit, hic quod. Omnis dolorum est dolores ad iusto? Non aut sapiente consequatur. Maiores atque eveniet omnis. Consequuntur natus tenetur ut corrupti error, similique eveniet natus magni rem est.', 1302.9493, 1.51, 62)
INSERT dbo.TProduct(iProductId, cName, cDescription, fUnitPrice, fAverageRating, iQuantity) VALUES (11, 'Wood                  ', 'Voluptatem et non dolorum fugit laborum voluptatem. Ipsa sunt molestiae. Sint dolorum qui. Impedit sint aspernatur. Cum recusandae suscipit voluptatum aut exercitationem sit odit enim unde quo; tenetur pariatur consectetur voluptas obcaecati natus animi dolore veniam neque delectus. Ut esse, velit culpa ut sit ut velit corporis exercitationem.
Excepturi magnam repellendus ipsa illo tempore. Vel fugit possimus saepe cumque illo modi illo cumque et! Aperiam molestiae, omnis unde eveniet est esse ullam doloribus quisquam aliquam eaque. Fugit magnam omnis. Accusantium qui sed et voluptatum, dolores odit dicta nesciunt fugit qui adipisci.', 138.2608, 3.79, 49)
INSERT dbo.TProduct(iProductId, cName, cDescription, fUnitPrice, fAverageRating, iQuantity) VALUES (12, 'Pants', 'Dolores omnis quia non debitis. Distinctio sed neque quae harum illo quia rerum. Id et maxime porro harum voluptatem neque sapiente delectus eos non ab. Quia sed modi veniam voluptatem odit in? Perspiciatis architecto ipsa explicabo architecto culpa modi, et iste aut incidunt ut. Magni quas sed nihil suscipit ad numquam eos impedit qui labore unde! Ea possimus et quo unde nisi ab officiis iusto necessitatibus quia laudantium; officia optio modi, fuga itaque magnam atque et laborum perferendis praesentium rem. Placeat dolores ex commodi, libero quia corporis laudantium quod accusamus voluptas doloremque!', 1175.6923, 5, 6)
INSERT dbo.TProduct(iProductId, cName, cDescription, fUnitPrice, fAverageRating, iQuantity) VALUES (13, 'Heineken', 'Molestias et qui sit ex facere. Enim perspiciatis sit, velit sapiente enim sint modi possimus voluptas et illum? Aspernatur sint qui est error quidem libero qui, atque nihil aut et.
Eum voluptatem quia non sit dolor, et facere nesciunt voluptatem assumenda nulla. Consequatur quod voluptatem nesciunt, repellendus nesciunt quia nesciunt et delectus sit dicta. Voluptates at sunt, voluptatem beatae error ipsa amet est provident officiis nesciunt. Odio labore dolores sequi placeat, aperiam iste iure enim aut qui alias. Qui assumenda cupiditate aut, qui consequatur doloremque cumque perspiciatis corrupti doloremque sunt.', 202.8207, 3.94, 76)
INSERT dbo.TProduct(iProductId, cName, cDescription, fUnitPrice, fAverageRating, iQuantity) VALUES (14, 'Shovel', 'Esse molestiae iste esse vero et. Similique enim reiciendis. Incidunt labore aliquid praesentium ad id et expedita molestiae voluptatem sapiente velit. Et ut facilis eos dolorem et ullam molestiae minus aut quod quae? Adipisci nisi ad cupiditate quae quis explicabo ut ullam nesciunt in inventore; dolores aperiam dolor velit et perspiciatis et adipisci unde voluptatem aut consectetur. Et est tempora possimus omnis error molestiae fugiat voluptatem temporibus natus praesentium. Error sit quia temporibus necessitatibus vero assumenda velit numquam porro iusto et! Dolor sed fugiat atque rem dolores nesciunt dolorem minima, delectus quasi et.', 1918.4952, 5, 78)
INSERT dbo.TProduct(iProductId, cName, cDescription, fUnitPrice, fAverageRating, iQuantity) VALUES (15, 'Matchbox', 'Non totam odio ut repellendus perferendis et voluptas delectus maiores deserunt quibusdam. Nisi dolores harum maiores et ipsam, minima iste tenetur et omnis quia. Hic sit est error et, minima quia sit quia aperiam iste et.', 1537.7787, 2.46, 99)
INSERT dbo.TProduct(iProductId, cName, cDescription, fUnitPrice, fAverageRating, iQuantity) VALUES (16, 'Boots ', 'Unde doloremque consequuntur aut omnis error. Omnis quis ea ut atque omnis tempora error ipsum sed ipsam voluptas; et rerum ea voluptatum nostrum non officia quia doloremque mollitia eos itaque. Aperiam ut quisquam libero voluptatem natus voluptatem officiis sed error quibusdam vero. Dignissimos tempore aut sed nobis voluptate iste aliquid numquam ullam molestias quo. Sed at ut inventore et incidunt similique adipisci est eum rem aut! Illum cupiditate ut voluptatem praesentium rerum commodi accusantium numquam tempora, voluptatem modi. Voluptatem dolorem, modi neque vel repellat asperiores ratione qui rem voluptates a.', 376.1208, 3.94, 85)
INSERT dbo.TProduct(iProductId, cName, cDescription, fUnitPrice, fAverageRating, iQuantity) VALUES (17, 'Utility Knife ', 'Nobis eveniet consectetur illum sint dolor et natus aperiam. Quia dolorem corporis eum voluptatem sed laborum dolores consequuntur. Est qui quibusdam id aliquid iste ut nihil. Temporibus rerum quos non sed ut placeat! Officia rerum veniam nostrum. Voluptas blanditiis culpa perspiciatis dolor cumque. Dolores eius aut possimus quae quia qui.
Nihil excepturi libero sed incidunt explicabo necessitatibus. Animi nostrum error vel nam quia ut; rerum in fugit voluptatum omnis. Est autem sequi ut debitis quia molestias. Aut corporis quidem consectetur debitis et dolor consequatur dolorem. Blanditiis vel et sed suscipit perspiciatis et qui voluptates voluptas illo in. Iste iure tempora?', 403.2254, NULL, NULL)
INSERT dbo.TProduct(iProductId, cName, cDescription, fUnitPrice, fAverageRating, iQuantity) VALUES (18, 'Goreteks Jacket ', 'Magnam deserunt autem deleniti tempore sunt. Unde hic beatae! Iste qui aliquid earum sit voluptatem recusandae. Aliquid delectus ipsa ex. Voluptas sed laborum quas cum quibusdam aut fugit reprehenderit nisi laborum? Iusto eos quisquam illo provident deleniti tempora. Non aperiam aliquam architecto id recusandae veritatis eligendi cum. Quibusdam sit dolor sequi, corrupti a non ut beatae rem. Aut sed a dignissimos.
Aperiam voluptate ex iste sit error qui atque quaerat. Ut aut commodi omnis neque sunt atque omnis sint! Nam natus quas deleniti eaque maxime. Autem quos officiis iusto dolores culpa explicabo minus tempore. Aliquam eius dolorum. Corporis ipsam voluptas;', 1744.7925, 0.06, 67)
INSERT dbo.TProduct(iProductId, cName, cDescription, fUnitPrice, fAverageRating, iQuantity) VALUES (19, 'Fanny pack', 'In iusto iste eum incidunt. Minima repellendus neque tempore eos et id. Hic dolor eius reprehenderit, ipsam unde delectus ut commodi et deleniti! Et qui fuga molestiae? Exercitationem numquam nulla. Unde repellat sed voluptatem minima quis labore beatae sed totam eum rerum. Ut perspiciatis, sed libero aut reiciendis repudiandae ut doloribus voluptatem vitae ut? Itaque sint non, sit itaque dicta est quam rerum temporibus voluptas consequatur! Perspiciatis dolor sequi qui voluptatem atque, sed vel amet autem ut exercitationem. Unde vitae numquam perferendis nemo sapiente vel blanditiis qui asperiores error esse.', 710.3739, 3.59, 70)
INSERT dbo.TProduct(iProductId, cName, cDescription, fUnitPrice, fAverageRating, iQuantity) VALUES (20, 'Flashlight', 'Voluptas pariatur et dolorum, quia deleniti perspiciatis illum assumenda ipsum qui laboriosam. Tempora corporis impedit id in quibusdam aut fugit dolorem et accusantium labore. Laudantium et, rerum corrupti quae quo enim aperiam in error temporibus ad! Exercitationem veritatis beatae omnis voluptatum sed et ut sed quae tempora tenetur.', 463.4645, 5, 60)
INSERT dbo.TProduct(iProductId, cName, cDescription, fUnitPrice, fAverageRating, iQuantity) VALUES (21, 'Walking stick', 'Explicabo excepturi eveniet autem velit alias iure ut est vitae debitis dignissimos; repellendus soluta quia praesentium voluptatum quidem eligendi et nesciunt nihil neque aut. Quae perspiciatis quam, perspiciatis natus a beatae ut vel omnis perspiciatis ullam. Quisquam nihil numquam perspiciatis ut alias unde nihil aut et eaque totam! Ratione culpa provident tempora ullam aut facilis laudantium, laboriosam est odit ut; delectus cumque enim eius modi quae vero ut et nihil quaerat illum. Provident nihil dignissimos tempora eum quia quo quidem aperiam nemo earum tempora!', 750.1547, NULL, NULL)
GO
SET IDENTITY_INSERT dbo.TProduct OFF
GO

--
-- Inserting data into table dbo.TUser
--
SET IDENTITY_INSERT dbo.TUser ON
GO
INSERT dbo.TUser(iUserId, cEmail, cFirstName, cLastName, cAddress, cZipCode, cPhoneNo, fTotalPaid) VALUES (1, 'GaleL_Elliott@example.com', 'Gale', 'Legg', '1862 Cedar Tree Blvd', '6293', '318-3177', NULL)
INSERT dbo.TUser(iUserId, cEmail, cFirstName, cLastName, cAddress, cZipCode, cPhoneNo, fTotalPaid) VALUES (2, 'CletusAlford929@nowhere.com', 'Sisse', 'Noland', '14 Waterview Road', '3315', '867-0182', 8506303.1059)
INSERT dbo.TUser(iUserId, cEmail, cFirstName, cLastName, cAddress, cZipCode, cPhoneNo, fTotalPaid) VALUES (3, 'Beatty@nowhere.com', 'Rodrick', 'Hinton', '635 Flintwood Circle', '8533', '353-7640', 6170941.3404)
INSERT dbo.TUser(iUserId, cEmail, cFirstName, cLastName, cAddress, cZipCode, cPhoneNo, fTotalPaid) VALUES (4, 'mftalix5377@nowhere.com', 'Kareem', 'Ritchey', '3178 East Edgewood Cir', '1786', '713-7376', 671948.8884)
INSERT dbo.TUser(iUserId, cEmail, cFirstName, cLastName, cAddress, cZipCode, cPhoneNo, fTotalPaid) VALUES (5, 'Erna.Clemons391@example.com', 'Petrine', 'Nolen', '1871 Hunting Hill Way', '4810', '540-5340', 9482326.1914)
INSERT dbo.TUser(iUserId, cEmail, cFirstName, cLastName, cAddress, cZipCode, cPhoneNo, fTotalPaid) VALUES (6, 'AllenHeffner446@example.com', 'Jerrod', 'Ritchie', '3279 North Hunting Hill Court', '4810', '792-4178', 7099522.4188)
INSERT dbo.TUser(iUserId, cEmail, cFirstName, cLastName, cAddress, cZipCode, cPhoneNo, fTotalPaid) VALUES (7, 'HaskinsA577@example.com', 'Nanna', 'Leggett', '818 Brentwood Parkway', '7249', '150-7747', 6031753.2828)
INSERT dbo.TUser(iUserId, cEmail, cFirstName, cLastName, cAddress, cZipCode, cPhoneNo, fTotalPaid) VALUES (8, 'Archer@example.com', 'Bitten', 'Noonan', '55 East Monument Pkwy', '2053', '892-6826', 6145790.732)
INSERT dbo.TUser(iUserId, cEmail, cFirstName, cLastName, cAddress, cZipCode, cPhoneNo, fTotalPaid) VALUES (9, 'Chappell@example.com', 'Celina', 'Bales', '1443 Front Blvd', '6632', '017-7809', 197.7658)
INSERT dbo.TUser(iUserId, cEmail, cFirstName, cLastName, cAddress, cZipCode, cPhoneNo, fTotalPaid) VALUES (10, 'Britt@example.com', 'Hannah', 'Hirsch', '902 Burwood Blvd', '6341', '208-5894', 8739688.0135)
INSERT dbo.TUser(iUserId, cEmail, cFirstName, cLastName, cAddress, cZipCode, cPhoneNo, fTotalPaid) VALUES (11, 'Connie.Logan@nowhere.com', 'Marlon', 'Ritter', '1147 W Buttonwood Way', '6080', '687-0905', 6555066.9225)
INSERT dbo.TUser(iUserId, cEmail, cFirstName, cLastName, cAddress, cZipCode, cPhoneNo, fTotalPaid) VALUES (12, 'Gerald_R.Kinder@nowhere.com', 'Charlotte', 'Sepulveda', '369 S Buttonwood St', '4816', '933-4761', 7063747.0768)
INSERT dbo.TUser(iUserId, cEmail, cFirstName, cLastName, cAddress, cZipCode, cPhoneNo, fTotalPaid) VALUES (13, 'RichBuckner86@example.com', 'Hilma', 'Norfleet', '2001 Hidden Glenwood Lane', '6185', '551-3435', 3145048.1067)
INSERT dbo.TUser(iUserId, cEmail, cFirstName, cLastName, cAddress, cZipCode, cPhoneNo, fTotalPaid) VALUES (14, 'AntonySotelo@nowhere.com', 'Nicoline', 'Tucker', '2186 Red Hunting Hill Ct', '6080', '994-3446', 4201922.6042)
INSERT dbo.TUser(iUserId, cEmail, cFirstName, cLastName, cAddress, cZipCode, cPhoneNo, fTotalPaid) VALUES (15, 'SophiaVallejo@nowhere.com', 'Alvilda', 'Lehman', '747 White Ironwood Way', '4475', '568-7359', 6043054.8669)
INSERT dbo.TUser(iUserId, cEmail, cFirstName, cLastName, cAddress, cZipCode, cPhoneNo, fTotalPaid) VALUES (16, 'Sipes947@example.com', 'Agnete', 'Rivas', '416 North Farmview Ct', '6080', '444-1554', 4338841.7128)
INSERT dbo.TUser(iUserId, cEmail, cFirstName, cLastName, cAddress, cZipCode, cPhoneNo, fTotalPaid) VALUES (17, 'AndreaHopson4@nowhere.com', 'Sandra', 'Serna', '3369 Hidden Sharp Hill Loop', '8533', '225-7490', 1715900.018)
INSERT dbo.TUser(iUserId, cEmail, cFirstName, cLastName, cAddress, cZipCode, cPhoneNo, fTotalPaid) VALUES (18, 'hulgccma_eszyd@example.com', 'Birgith', 'Noriega', '26 SE Chapel Hill Rd', '7192', '379-9610', 7065018.4757)
INSERT dbo.TUser(iUserId, cEmail, cFirstName, cLastName, cAddress, cZipCode, cPhoneNo, fTotalPaid) VALUES (19, 'Abbott@example.com', 'Matt', 'Hitchcock', '2396 Hidden Church Ln', '6293', '278-1497', 6465090.8724)
INSERT dbo.TUser(iUserId, cEmail, cFirstName, cLastName, cAddress, cZipCode, cPhoneNo, fTotalPaid) VALUES (20, 'Josiah.Packard766@example.com', 'Rebecca', 'Tuggle', '921 North Rushwood Road', '3458', '129-7467', 4256011.3567)
INSERT dbo.TUser(iUserId, cEmail, cFirstName, cLastName, cAddress, cZipCode, cPhoneNo, fTotalPaid) VALUES (21, 'Pendergrass@example.com', 'Alice', 'Calhoun', '49 Social Ln', '1187', '632-6959', 4217.2942)
INSERT dbo.TUser(iUserId, cEmail, cFirstName, cLastName, cAddress, cZipCode, cPhoneNo, fTotalPaid) VALUES (22, 'Barnard67@example.com', 'Dagmar', 'Rivera', '24 NE Stonewood Parkway', '6080', '588-9670', 2294534.801)
INSERT dbo.TUser(iUserId, cEmail, cFirstName, cLastName, cAddress, cZipCode, cPhoneNo, fTotalPaid) VALUES (23, 'Naia.Henson49@example.com', 'Cathrine', 'Gist', '2234 Rockwood Road', '1786', '014-6001', 9.5087)
INSERT dbo.TUser(iUserId, cEmail, cFirstName, cLastName, cAddress, cZipCode, cPhoneNo, fTotalPaid) VALUES (24, 'ClayBetz@example.com', 'Ned', 'Norman', '3603 Woodfort Cir', '2320', '945-9523', 326774.7361)
INSERT dbo.TUser(iUserId, cEmail, cFirstName, cLastName, cAddress, cZipCode, cPhoneNo, fTotalPaid) VALUES (25, 'Lawler@example.com', 'Alex', 'Lehmann', '237 S Sharp Hill Pkwy', '7249', '961-6604', 2984350.6202)
INSERT dbo.TUser(iUserId, cEmail, cFirstName, cLastName, cAddress, cZipCode, cPhoneNo, fTotalPaid) VALUES (26, 'AgnesRaley6@example.com', 'Helen', 'Rivers', '212 NW Deepwood Loop', '6341', '898-5258', NULL)
INSERT dbo.TUser(iUserId, cEmail, cFirstName, cLastName, cAddress, cZipCode, cPhoneNo, fTotalPaid) VALUES (27, 'Antoinette_Yoder@example.com', 'Virgil', 'Norris', '135 2nd Lane', '2320', '380-5541', 9020497.7386)
INSERT dbo.TUser(iUserId, cEmail, cFirstName, cLastName, cAddress, cZipCode, cPhoneNo, fTotalPaid) VALUES (28, 'BerthaEchevarria68@example.com', 'Jane', 'Hobbs', '3936 West Deepwood Ct', '6693', '641-0501', 7296.094)
INSERT dbo.TUser(iUserId, cEmail, cFirstName, cLastName, cAddress, cZipCode, cPhoneNo, fTotalPaid) VALUES (29, 'Ackerman@example.com', 'Birte', 'Leigh', '48 North Sharp Hill Ct', '6632', '594-5122', 4220351.1703)
INSERT dbo.TUser(iUserId, cEmail, cFirstName, cLastName, cAddress, cZipCode, cPhoneNo, fTotalPaid) VALUES (30, 'Annette.Furr695@nowhere.com', 'Rolf', 'Dooley', '509 Hidden Edgewood Road', '5665', '658-4982', 7109372.373)
INSERT dbo.TUser(iUserId, cEmail, cFirstName, cLastName, cAddress, cZipCode, cPhoneNo, fTotalPaid) VALUES (31, 'Arnoldo.Markley@example.com', 'Raleigh', 'Hobson', '1891 Riverview Ct', '6293', '075-4999', NULL)
INSERT dbo.TUser(iUserId, cEmail, cFirstName, cLastName, cAddress, cZipCode, cPhoneNo, fTotalPaid) VALUES (32, 'DuaneOlds662@example.com', 'Elin', 'Ball', '608 Ski Hill Lane', '6080', '598-7109', 2817287.4691)
INSERT dbo.TUser(iUserId, cEmail, cFirstName, cLastName, cAddress, cZipCode, cPhoneNo, fTotalPaid) VALUES (33, 'Kevin.R_Acker@example.com', 'Astrid', 'Givens', '364 NE Deepwood Ct', '4475', '807-4185', 140.3807)
INSERT dbo.TUser(iUserId, cEmail, cFirstName, cLastName, cAddress, cZipCode, cPhoneNo, fTotalPaid) VALUES (34, 'Murrell@nowhere.com', 'Noe', 'Rizzo', '2118 North Church Ln', '6341', '515-2596', 3121296.3402)
INSERT dbo.TUser(iUserId, cEmail, cFirstName, cLastName, cAddress, cZipCode, cPhoneNo, fTotalPaid) VALUES (35, 'Ali684@nowhere.com', 'Beate', 'Doran', '94 Quailwood Street', '7597', '778-5633', 9425883.7349)
INSERT dbo.TUser(iUserId, cEmail, cFirstName, cLastName, cAddress, cZipCode, cPhoneNo, fTotalPaid) VALUES (36, 'xgqyzpbn.flsirgbmn@example.com', 'Harriet', 'Serrano', '3895 W Riverside Way', '5665', '117-6471', 5455569.9694)
INSERT dbo.TUser(iUserId, cEmail, cFirstName, cLastName, cAddress, cZipCode, cPhoneNo, fTotalPaid) VALUES (37, 'rhtc4042@example.com', 'Magda', 'Leighton', '3961 Social Lane', '4816', '162-2479', 2649235.1475)
INSERT dbo.TUser(iUserId, cEmail, cFirstName, cLastName, cAddress, cZipCode, cPhoneNo, fTotalPaid) VALUES (38, 'vfmvx7368@example.com', 'Jarrod', 'Calkins', '926 Mountain Ln', '4596', '785-9143', 4570184.7418)
INSERT dbo.TUser(iUserId, cEmail, cFirstName, cLastName, cAddress, cZipCode, cPhoneNo, fTotalPaid) VALUES (39, 'Bravo9@nowhere.com', 'Hipolito', 'North', '922 Bayview Highway', '7611', '197-2663', 6649720.3782)
INSERT dbo.TUser(iUserId, cEmail, cFirstName, cLastName, cAddress, cZipCode, cPhoneNo, fTotalPaid) VALUES (40, 'sewj6614@nowhere.com', 'Lincoln', 'Roach', '3899 SW Cedar Tree Pkwy', '5126', '537-9058', 9167753.3857)
INSERT dbo.TUser(iUserId, cEmail, cFirstName, cLastName, cAddress, cZipCode, cPhoneNo, fTotalPaid) VALUES (41, 'Maren_Rinaldi@example.com', 'Arden', 'Gladden', '1762 South Mount Road', '7953', '754-6845', 6529420.2041)
INSERT dbo.TUser(iUserId, cEmail, cFirstName, cLastName, cAddress, cZipCode, cPhoneNo, fTotalPaid) VALUES (42, 'MonaRiley@nowhere.com', 'Keven', 'Ballard', '73 White Ironwood Highway', '4475', '383-8730', 2812135.3742)
INSERT dbo.TUser(iUserId, cEmail, cFirstName, cLastName, cAddress, cZipCode, cPhoneNo, fTotalPaid) VALUES (43, 'Jane.Ralston999@nowhere.com', 'Harriet', 'Norton', '912 Red Glenwood Ave', '6672', '449-5623', 3.1797)
INSERT dbo.TUser(iUserId, cEmail, cFirstName, cLastName, cAddress, cZipCode, cPhoneNo, fTotalPaid) VALUES (44, 'gzch1645@example.com', 'Hulda', 'Roark', '857 Chapel Hill Highway', '8635', '420-3249', 1037913.806)
INSERT dbo.TUser(iUserId, cEmail, cFirstName, cLastName, cAddress, cZipCode, cPhoneNo, fTotalPaid) VALUES (45, 'Abraham@example.com', 'Andrea', 'Norwood', '1032 Riddle Hill Lane', '4475', '297-0185', 965129.8518)
INSERT dbo.TUser(iUserId, cEmail, cFirstName, cLastName, cAddress, cZipCode, cPhoneNo, fTotalPaid) VALUES (46, 'MarianneMcbee1@nowhere.com', 'Horacio', 'Hodge', '869 Rockwood Highway', '1463', '048-6424', 5332923.5476)
INSERT dbo.TUser(iUserId, cEmail, cFirstName, cLastName, cAddress, cZipCode, cPhoneNo, fTotalPaid) VALUES (47, 'AdolfoBuford@nowhere.com', 'Maibrit', 'Lemaster', '3715 Old Church Parkway', '6080', '835-6840', 941.2593)
INSERT dbo.TUser(iUserId, cEmail, cFirstName, cLastName, cAddress, cZipCode, cPhoneNo, fTotalPaid) VALUES (48, 'Josue_Petrie@nowhere.com', 'Rikke', 'Turley', '2629 White Brentwood Street', '6341', '209-3664', 1638679.6488)
INSERT dbo.TUser(iUserId, cEmail, cFirstName, cLastName, cAddress, cZipCode, cPhoneNo, fTotalPaid) VALUES (49, 'Cromer@nowhere.com', 'Jensine', 'Sessions', '294 W Woodland Parkway', '5126', '142-2834', 3.951)
INSERT dbo.TUser(iUserId, cEmail, cFirstName, cLastName, cAddress, cZipCode, cPhoneNo, fTotalPaid) VALUES (50, 'Anni_Nugent343@example.com', 'Adalberto', 'Hodges', '1591 East Flintwood Ct', '8533', '259-6119', 9423300.4727)
GO
SET IDENTITY_INSERT dbo.TUser OFF
GO

--
-- Inserting data into table dbo.TCreditCard
--
INSERT dbo.TCreditCard(cCreditCardNo, iUserId, cCardholderName, cExpiration, cCCV) VALUES (N'6219030114829428', 32, 'Abraham Acevedo', '2019-12-10', 499)
INSERT dbo.TCreditCard(cCreditCardNo, iUserId, cCardholderName, cExpiration, cCCV) VALUES (N'6393761636051939', 23, 'Jacobine Lord', '2027-03-12', 964)
INSERT dbo.TCreditCard(cCreditCardNo, iUserId, cCardholderName, cExpiration, cCCV) VALUES (N'3569557052342652', 41, 'Agnethe Lind', '2019-12-14', 156)
INSERT dbo.TCreditCard(cCreditCardNo, iUserId, cCardholderName, cExpiration, cCCV) VALUES (N'6388319094617167', 21, 'Mary Beaudoin', '2023-05-02', 363)
INSERT dbo.TCreditCard(cCreditCardNo, iUserId, cCardholderName, cExpiration, cCCV) VALUES (N'5465638948752575', 32, 'Jason Blackmon', '2022-10-30', 110)
INSERT dbo.TCreditCard(cCreditCardNo, iUserId, cCardholderName, cExpiration, cCCV) VALUES (N'347583787596847', 49, NULL, '2024-07-13', 791)
INSERT dbo.TCreditCard(cCreditCardNo, iUserId, cCardholderName, cExpiration, cCCV) VALUES (N'344261595389365', 18, 'Cæcilie Card', '2021-09-23', 791)
INSERT dbo.TCreditCard(cCreditCardNo, iUserId, cCardholderName, cExpiration, cCCV) VALUES (N'39000301492299', 40, 'Carroll Binder', '2025-03-17', 824)
INSERT dbo.TCreditCard(cCreditCardNo, iUserId, cCardholderName, cExpiration, cCCV) VALUES (N'6213004299221251', 3, 'Maynard Brockman', '2020-09-28', 458)
INSERT dbo.TCreditCard(cCreditCardNo, iUserId, cCardholderName, cExpiration, cCCV) VALUES (N'3554742126190165', 22, 'Hanne Charlton', '2021-08-31', 342)
INSERT dbo.TCreditCard(cCreditCardNo, iUserId, cCardholderName, cExpiration, cCCV) VALUES (N'30380484016407', 28, 'Frederikke Cartwright', '2021-09-05', 509)
INSERT dbo.TCreditCard(cCreditCardNo, iUserId, cCardholderName, cExpiration, cCCV) VALUES (N'6398396566636220', 1, 'Fabian Dalton', '2025-08-20', 233)
INSERT dbo.TCreditCard(cCreditCardNo, iUserId, cCardholderName, cExpiration, cCCV) VALUES (N'30955940004285', 44, 'Isreal Dougherty', '2019-12-11', 571)
INSERT dbo.TCreditCard(cCreditCardNo, iUserId, cCardholderName, cExpiration, cCCV) VALUES (N'38644647818955', 6, 'Forrest Babb', '2024-04-05', 349)
INSERT dbo.TCreditCard(cCreditCardNo, iUserId, cCardholderName, cExpiration, cCCV) VALUES (N'6378541446671780', 31, 'Augustine Corbin', '2026-08-27', 236)
INSERT dbo.TCreditCard(cCreditCardNo, iUserId, cCardholderName, cExpiration, cCCV) VALUES (N'379017043712501', 47, 'Roland Rowan', '2026-01-05', 239)
INSERT dbo.TCreditCard(cCreditCardNo, iUserId, cCardholderName, cExpiration, cCCV) VALUES (N'4844611435105222', 50, 'Alma Laporte', '2021-04-08', 466)
INSERT dbo.TCreditCard(cCreditCardNo, iUserId, cCardholderName, cExpiration, cCCV) VALUES (N'6228587668822793', 42, 'Deandre Ortiz', '2025-04-13', 351)
INSERT dbo.TCreditCard(cCreditCardNo, iUserId, cCardholderName, cExpiration, cCCV) VALUES (N'6225351472624843', 48, 'Inga Neville', '2026-06-20', 856)
INSERT dbo.TCreditCard(cCreditCardNo, iUserId, cCardholderName, cExpiration, cCCV) VALUES (N'6244897943913873', 11, 'Grant Ackerman', '2022-12-21', 613)
INSERT dbo.TCreditCard(cCreditCardNo, iUserId, cCardholderName, cExpiration, cCCV) VALUES (N'3543399198062253', 34, 'Celina Ambrose', '2023-07-02', 866)
INSERT dbo.TCreditCard(cCreditCardNo, iUserId, cCardholderName, cExpiration, cCCV) VALUES (N'3539989793557099', 24, 'Frida Bratton', '2027-07-16', 970)
INSERT dbo.TCreditCard(cCreditCardNo, iUserId, cCardholderName, cExpiration, cCCV) VALUES (N'344240961646368', 6, 'Booker Jackson', '2020-03-13', 705)
INSERT dbo.TCreditCard(cCreditCardNo, iUserId, cCardholderName, cExpiration, cCCV) VALUES (N'4917747522028687', 8, 'Gerd Jacobsen', '2020-03-15', 521)
INSERT dbo.TCreditCard(cCreditCardNo, iUserId, cCardholderName, cExpiration, cCCV) VALUES (N'345102876781160', 16, 'Smilla Bond', '2026-06-28', 189)
INSERT dbo.TCreditCard(cCreditCardNo, iUserId, cCardholderName, cExpiration, cCCV) VALUES (N'6227534692308390', 18, 'Kelly Benner', '2023-12-04', 833)
INSERT dbo.TCreditCard(cCreditCardNo, iUserId, cCardholderName, cExpiration, cCCV) VALUES (N'4844822486652646', 11, 'Conny Capps', '2026-02-11', 740)
INSERT dbo.TCreditCard(cCreditCardNo, iUserId, cCardholderName, cExpiration, cCCV) VALUES (N'6389150953239002', 22, 'James Leclair', '2024-10-20', 584)
INSERT dbo.TCreditCard(cCreditCardNo, iUserId, cCardholderName, cExpiration, cCCV) VALUES (N'5153607265552667', 40, 'Harriet Alston', '2022-04-22', 692)
INSERT dbo.TCreditCard(cCreditCardNo, iUserId, cCardholderName, cExpiration, cCCV) VALUES (N'6392229280103985', 38, 'Jeanne Bain', '2024-08-17', 197)
INSERT dbo.TCreditCard(cCreditCardNo, iUserId, cCardholderName, cExpiration, cCCV) VALUES (N'5525408303712467', 33, 'Sally Babb', '2025-01-16', 893)
INSERT dbo.TCreditCard(cCreditCardNo, iUserId, cCardholderName, cExpiration, cCCV) VALUES (N'5525232972299279', 24, 'Cortez Becnel', '2019-12-12', 334)
INSERT dbo.TCreditCard(cCreditCardNo, iUserId, cCardholderName, cExpiration, cCCV) VALUES (N'30470104528830', 8, 'Iris Alvarado', '2020-10-08', 223)
INSERT dbo.TCreditCard(cCreditCardNo, iUserId, cCardholderName, cExpiration, cCCV) VALUES (N'347625927436168', 2, 'Ian Falls', '2023-12-24', 577)
INSERT dbo.TCreditCard(cCreditCardNo, iUserId, cCardholderName, cExpiration, cCCV) VALUES (N'5514607551627581', 49, 'Stanton Colbert', '2026-05-04', 973)
INSERT dbo.TCreditCard(cCreditCardNo, iUserId, cCardholderName, cExpiration, cCCV) VALUES (N'6246448975774805', 45, 'Carla Acker', '2026-02-17', 550)
INSERT dbo.TCreditCard(cCreditCardNo, iUserId, cCardholderName, cExpiration, cCCV) VALUES (N'349763845559460', 4, 'Pedro Harley', '2021-07-30', 759)
INSERT dbo.TCreditCard(cCreditCardNo, iUserId, cCardholderName, cExpiration, cCCV) VALUES (N'30174605840443', 12, 'Ahmed Burkett', '2022-08-15', 807)
INSERT dbo.TCreditCard(cCreditCardNo, iUserId, cCardholderName, cExpiration, cCCV) VALUES (N'30120373055615', 49, 'Sille Bobo', '2023-01-06', 415)
INSERT dbo.TCreditCard(cCreditCardNo, iUserId, cCardholderName, cExpiration, cCCV) VALUES (N'6391372132192995', 16, 'Darrin Downey', '2020-12-01', 484)
INSERT dbo.TCreditCard(cCreditCardNo, iUserId, cCardholderName, cExpiration, cCCV) VALUES (N'5263219638335254', 12, 'Sherwood Moody', '2025-07-24', 680)
INSERT dbo.TCreditCard(cCreditCardNo, iUserId, cCardholderName, cExpiration, cCCV) VALUES (N'341012592279825', 30, 'Laurence Deloach', '2023-11-18', 189)
INSERT dbo.TCreditCard(cCreditCardNo, iUserId, cCardholderName, cExpiration, cCCV) VALUES (N'5291497446982055', 24, 'Malou Cameron', '2024-02-25', 993)
INSERT dbo.TCreditCard(cCreditCardNo, iUserId, cCardholderName, cExpiration, cCCV) VALUES (N'4913249879091651', 11, 'Abraham Berryman', '2020-10-08', 347)
INSERT dbo.TCreditCard(cCreditCardNo, iUserId, cCardholderName, cExpiration, cCCV) VALUES (N'6398557355686482', 37, NULL, '2021-12-26', 610)
INSERT dbo.TCreditCard(cCreditCardNo, iUserId, cCardholderName, cExpiration, cCCV) VALUES (N'30058131166474', 22, 'Abe Addison', '2021-02-18', 689)
INSERT dbo.TCreditCard(cCreditCardNo, iUserId, cCardholderName, cExpiration, cCCV) VALUES (N'3568131805054252', 45, NULL, '2023-05-09', 614)
INSERT dbo.TCreditCard(cCreditCardNo, iUserId, cCardholderName, cExpiration, cCCV) VALUES (N'4405870361692642', 6, 'Petrine Neumann', '2019-12-10', 416)
INSERT dbo.TCreditCard(cCreditCardNo, iUserId, cCardholderName, cExpiration, cCCV) VALUES (N'6218259927495496', 46, 'Charlotte Tang', '2020-02-13', 801)
INSERT dbo.TCreditCard(cCreditCardNo, iUserId, cCardholderName, cExpiration, cCCV) VALUES (N'30456898197916', 39, 'Abe Prosser', '2024-12-22', 207)
GO

--
-- Inserting data into table dbo.TInvoice
--
SET IDENTITY_INSERT dbo.TInvoice ON
GO
INSERT dbo.TInvoice(iInvoiceId, dDate, iVat, fTotalPrice, iUserId, cCreditCardNo) VALUES (1, '2019-12-07 04:39:19.9220000', 17, 147.9626, 24, '3569557052342652')
INSERT dbo.TInvoice(iInvoiceId, dDate, iVat, fTotalPrice, iUserId, cCreditCardNo) VALUES (2, '2019-05-26 13:40:07.5540000', 17, 608.4138, 10, '344240961646368')
INSERT dbo.TInvoice(iInvoiceId, dDate, iVat, fTotalPrice, iUserId, cCreditCardNo) VALUES (3, '2019-09-12 17:43:10.4250000', 22, 402.5369, 21, '6228587668822793')
INSERT dbo.TInvoice(iInvoiceId, dDate, iVat, fTotalPrice, iUserId, cCreditCardNo) VALUES (4, '2019-06-13 18:07:31.0220000', 23, 1873.455, 28, '341012592279825')
INSERT dbo.TInvoice(iInvoiceId, dDate, iVat, fTotalPrice, iUserId, cCreditCardNo) VALUES (5, '2019-06-07 08:00:33.6610000', 12, 1295.527, 34, '6244897943913873')
INSERT dbo.TInvoice(iInvoiceId, dDate, iVat, fTotalPrice, iUserId, cCreditCardNo) VALUES (6, '2019-05-16 05:15:06.8290000', 10, 835.7872, 14, '30058131166474')
INSERT dbo.TInvoice(iInvoiceId, dDate, iVat, fTotalPrice, iUserId, cCreditCardNo) VALUES (7, '2019-08-09 16:24:53.4230000', 22, 1696.8231, 13, '6392229280103985')
INSERT dbo.TInvoice(iInvoiceId, dDate, iVat, fTotalPrice, iUserId, cCreditCardNo) VALUES (8, '2019-07-31 01:45:29.5070000', 21, 1219.613, 39, '6228587668822793')
INSERT dbo.TInvoice(iInvoiceId, dDate, iVat, fTotalPrice, iUserId, cCreditCardNo) VALUES (9, '2019-09-30 09:31:32.2380000', 16, 1874.1775, 12, '6225351472624843')
INSERT dbo.TInvoice(iInvoiceId, dDate, iVat, fTotalPrice, iUserId, cCreditCardNo) VALUES (10, '2019-07-25 18:08:33.7840000', 10, 922.3045, 20, '3568131805054252')
INSERT dbo.TInvoice(iInvoiceId, dDate, iVat, fTotalPrice, iUserId, cCreditCardNo) VALUES (11, '2019-05-28 11:14:47.4330000', 17, 1606.2199, 8, '30120373055615')
INSERT dbo.TInvoice(iInvoiceId, dDate, iVat, fTotalPrice, iUserId, cCreditCardNo) VALUES (12, '2019-10-28 03:12:51.7320000', 14, 1454.1216, 4, '3569557052342652')
INSERT dbo.TInvoice(iInvoiceId, dDate, iVat, fTotalPrice, iUserId, cCreditCardNo) VALUES (13, '2019-04-28 17:54:09.5280000', 18, 137.6214, 31, '4844822486652646')
INSERT dbo.TInvoice(iInvoiceId, dDate, iVat, fTotalPrice, iUserId, cCreditCardNo) VALUES (14, '2019-08-07 09:31:00.5100000', 25, 1983.0865, 27, '30380484016407')
INSERT dbo.TInvoice(iInvoiceId, dDate, iVat, fTotalPrice, iUserId, cCreditCardNo) VALUES (15, '2019-09-02 04:16:27.3350000', 24, 870.5405, 29, '3554742126190165')
INSERT dbo.TInvoice(iInvoiceId, dDate, iVat, fTotalPrice, iUserId, cCreditCardNo) VALUES (16, '2019-10-18 16:51:49.6420000', 13, 697.3001, 33, '6225351472624843')
INSERT dbo.TInvoice(iInvoiceId, dDate, iVat, fTotalPrice, iUserId, cCreditCardNo) VALUES (17, '2019-07-20 11:24:53.3500000', 13, 972.8329, 26, '6393761636051939')
INSERT dbo.TInvoice(iInvoiceId, dDate, iVat, fTotalPrice, iUserId, cCreditCardNo) VALUES (18, '2019-06-29 10:49:45.0890000', 16, 661.6166, 38, '347625927436168')
INSERT dbo.TInvoice(iInvoiceId, dDate, iVat, fTotalPrice, iUserId, cCreditCardNo) VALUES (19, '2019-11-21 18:59:33.8960000', 13, 961.5669, 33, '5153607265552667')
INSERT dbo.TInvoice(iInvoiceId, dDate, iVat, fTotalPrice, iUserId, cCreditCardNo) VALUES (20, '2019-10-18 12:39:57.2450000', 19, 677.5261, 13, '4917747522028687')
INSERT dbo.TInvoice(iInvoiceId, dDate, iVat, fTotalPrice, iUserId, cCreditCardNo) VALUES (21, '2019-04-23 00:18:19.4230000', 22, 1440.7815, 28, '38644647818955')
INSERT dbo.TInvoice(iInvoiceId, dDate, iVat, fTotalPrice, iUserId, cCreditCardNo) VALUES (22, '2019-04-10 04:52:42.0010000', 19, 1226.98, 2, '3554742126190165')
INSERT dbo.TInvoice(iInvoiceId, dDate, iVat, fTotalPrice, iUserId, cCreditCardNo) VALUES (23, '2019-06-01 19:25:52.5650000', 20, 103.885, 36, '30470104528830')
INSERT dbo.TInvoice(iInvoiceId, dDate, iVat, fTotalPrice, iUserId, cCreditCardNo) VALUES (24, '2019-04-25 21:01:55.2310000', 20, 1699.8507, 47, '6398396566636220')
INSERT dbo.TInvoice(iInvoiceId, dDate, iVat, fTotalPrice, iUserId, cCreditCardNo) VALUES (25, '2019-05-15 23:17:18.4250000', 19, 934.1678, 43, '6378541446671780')
INSERT dbo.TInvoice(iInvoiceId, dDate, iVat, fTotalPrice, iUserId, cCreditCardNo) VALUES (26, '2019-05-11 23:27:09.9990000', 24, 1830.689, 26, '347625927436168')
INSERT dbo.TInvoice(iInvoiceId, dDate, iVat, fTotalPrice, iUserId, cCreditCardNo) VALUES (27, '2019-10-11 23:33:36.4170000', 22, 520.7162, 41, '5525232972299279')
INSERT dbo.TInvoice(iInvoiceId, dDate, iVat, fTotalPrice, iUserId, cCreditCardNo) VALUES (28, '2019-07-30 20:53:16.3380000', 24, 656.2076, 7, '6244897943913873')
INSERT dbo.TInvoice(iInvoiceId, dDate, iVat, fTotalPrice, iUserId, cCreditCardNo) VALUES (29, '2019-06-05 12:41:30.0350000', 24, 372.3246, 7, '347625927436168')
INSERT dbo.TInvoice(iInvoiceId, dDate, iVat, fTotalPrice, iUserId, cCreditCardNo) VALUES (30, '2019-08-02 14:00:58.0010000', 20, 728.7261, 12, '6246448975774805')
INSERT dbo.TInvoice(iInvoiceId, dDate, iVat, fTotalPrice, iUserId, cCreditCardNo) VALUES (31, '2019-07-11 03:48:50.0850000', 12, 184.1262, 15, '5465638948752575')
INSERT dbo.TInvoice(iInvoiceId, dDate, iVat, fTotalPrice, iUserId, cCreditCardNo) VALUES (32, '2019-05-26 00:35:11.9020000', 24, 1521.8486, 10, '379017043712501')
INSERT dbo.TInvoice(iInvoiceId, dDate, iVat, fTotalPrice, iUserId, cCreditCardNo) VALUES (33, '2019-10-14 11:17:39.6260000', 11, 1280.9807, 33, '39000301492299')
INSERT dbo.TInvoice(iInvoiceId, dDate, iVat, fTotalPrice, iUserId, cCreditCardNo) VALUES (34, '2019-05-05 15:45:39.0880000', 15, 1547.0567, 35, '4913249879091651')
INSERT dbo.TInvoice(iInvoiceId, dDate, iVat, fTotalPrice, iUserId, cCreditCardNo) VALUES (35, '2019-06-24 19:56:37.2000000', 18, 1239.4211, 44, '3554742126190165')
INSERT dbo.TInvoice(iInvoiceId, dDate, iVat, fTotalPrice, iUserId, cCreditCardNo) VALUES (36, '2019-10-02 13:33:24.8810000', 13, 1014.3708, 6, '3539989793557099')
INSERT dbo.TInvoice(iInvoiceId, dDate, iVat, fTotalPrice, iUserId, cCreditCardNo) VALUES (37, '2019-06-04 15:48:29.7370000', 21, 1742.4423, 39, '6219030114829428')
INSERT dbo.TInvoice(iInvoiceId, dDate, iVat, fTotalPrice, iUserId, cCreditCardNo) VALUES (38, '2019-11-05 02:16:34.0300000', 18, 1896.2753, 49, '5263219638335254')
INSERT dbo.TInvoice(iInvoiceId, dDate, iVat, fTotalPrice, iUserId, cCreditCardNo) VALUES (39, '2019-11-23 08:43:29.1130000', 15, 1413.6406, 48, '30955940004285')
INSERT dbo.TInvoice(iInvoiceId, dDate, iVat, fTotalPrice, iUserId, cCreditCardNo) VALUES (40, '2019-04-26 06:58:45.0780000', 10, 1781.0449, 6, '5263219638335254')
INSERT dbo.TInvoice(iInvoiceId, dDate, iVat, fTotalPrice, iUserId, cCreditCardNo) VALUES (41, '2019-04-16 09:11:36.0020000', 17, 1106.2579, 18, '5465638948752575')
INSERT dbo.TInvoice(iInvoiceId, dDate, iVat, fTotalPrice, iUserId, cCreditCardNo) VALUES (42, '2019-06-05 23:06:40.0080000', 11, 1395.772, 27, '6392229280103985')
INSERT dbo.TInvoice(iInvoiceId, dDate, iVat, fTotalPrice, iUserId, cCreditCardNo) VALUES (43, '2019-12-07 20:56:53.5740000', 22, 1266.9354, 23, '3569557052342652')
INSERT dbo.TInvoice(iInvoiceId, dDate, iVat, fTotalPrice, iUserId, cCreditCardNo) VALUES (44, '2019-10-27 08:30:39.2600000', 19, 519.7444, 40, '4913249879091651')
INSERT dbo.TInvoice(iInvoiceId, dDate, iVat, fTotalPrice, iUserId, cCreditCardNo) VALUES (45, '2019-08-27 13:33:49.6650000', 14, 985.2514, 15, '6388319094617167')
INSERT dbo.TInvoice(iInvoiceId, dDate, iVat, fTotalPrice, iUserId, cCreditCardNo) VALUES (46, '2019-08-05 01:22:09.6710000', 19, 1379.5747, 38, '345102876781160')
INSERT dbo.TInvoice(iInvoiceId, dDate, iVat, fTotalPrice, iUserId, cCreditCardNo) VALUES (47, '2019-08-31 15:30:31.1100000', 22, 1151.3885, 49, '347625927436168')
INSERT dbo.TInvoice(iInvoiceId, dDate, iVat, fTotalPrice, iUserId, cCreditCardNo) VALUES (48, '2019-04-19 15:54:57.3860000', 20, 290.2642, 41, '6246448975774805')
INSERT dbo.TInvoice(iInvoiceId, dDate, iVat, fTotalPrice, iUserId, cCreditCardNo) VALUES (49, '2019-04-09 18:16:12.4570000', 16, 1241.9606, 17, '5291497446982055')
INSERT dbo.TInvoice(iInvoiceId, dDate, iVat, fTotalPrice, iUserId, cCreditCardNo) VALUES (50, '2019-11-07 22:15:25.0050000', 15, 877.1855, 22, '4917747522028687')
GO
SET IDENTITY_INSERT dbo.TInvoice OFF
GO

--
-- Inserting data into table dbo.TInvoiceLine
--
SET IDENTITY_INSERT dbo.TInvoiceLine ON
GO
INSERT dbo.TInvoiceLine(iInvoiceLineId, iProductId, iInvoiceId, fPrice, iQuantity) VALUES (1, 13, 22, 294.8076, 7)
INSERT dbo.TInvoiceLine(iInvoiceLineId, iProductId, iInvoiceId, fPrice, iQuantity) VALUES (2, 2, 1, 520.3599, 6)
INSERT dbo.TInvoiceLine(iInvoiceLineId, iProductId, iInvoiceId, fPrice, iQuantity) VALUES (3, 15, 27, 1287.0349, 8)
INSERT dbo.TInvoiceLine(iInvoiceLineId, iProductId, iInvoiceId, fPrice, iQuantity) VALUES (4, 19, 22, 1353.487, 54)
INSERT dbo.TInvoiceLine(iInvoiceLineId, iProductId, iInvoiceId, fPrice, iQuantity) VALUES (5, 1, 39, 938.2585, 11)
INSERT dbo.TInvoiceLine(iInvoiceLineId, iProductId, iInvoiceId, fPrice, iQuantity) VALUES (6, 10, 30, 1410.058, 7)
INSERT dbo.TInvoiceLine(iInvoiceLineId, iProductId, iInvoiceId, fPrice, iQuantity) VALUES (7, 9, 46, 930.5099, 80)
INSERT dbo.TInvoiceLine(iInvoiceLineId, iProductId, iInvoiceId, fPrice, iQuantity) VALUES (8, 21, 38, 1827.7154, 31)
INSERT dbo.TInvoiceLine(iInvoiceLineId, iProductId, iInvoiceId, fPrice, iQuantity) VALUES (9, 3, 17, 1501.3422, 20)
INSERT dbo.TInvoiceLine(iInvoiceLineId, iProductId, iInvoiceId, fPrice, iQuantity) VALUES (10, 18, 46, 1547.2157, 79)
INSERT dbo.TInvoiceLine(iInvoiceLineId, iProductId, iInvoiceId, fPrice, iQuantity) VALUES (11, 8, 48, 461.8675, 75)
INSERT dbo.TInvoiceLine(iInvoiceLineId, iProductId, iInvoiceId, fPrice, iQuantity) VALUES (12, 3, 16, 414.4612, 81)
INSERT dbo.TInvoiceLine(iInvoiceLineId, iProductId, iInvoiceId, fPrice, iQuantity) VALUES (13, 2, 3, 894.3264, 78)
INSERT dbo.TInvoiceLine(iInvoiceLineId, iProductId, iInvoiceId, fPrice, iQuantity) VALUES (14, 2, 10, 720.971, 15)
INSERT dbo.TInvoiceLine(iInvoiceLineId, iProductId, iInvoiceId, fPrice, iQuantity) VALUES (15, 3, 43, 823.8435, 28)
INSERT dbo.TInvoiceLine(iInvoiceLineId, iProductId, iInvoiceId, fPrice, iQuantity) VALUES (16, 2, 47, 947.417, 60)
INSERT dbo.TInvoiceLine(iInvoiceLineId, iProductId, iInvoiceId, fPrice, iQuantity) VALUES (17, 16, 23, 471.2838, 2)
INSERT dbo.TInvoiceLine(iInvoiceLineId, iProductId, iInvoiceId, fPrice, iQuantity) VALUES (18, 12, 8, 145.2989, 19)
INSERT dbo.TInvoiceLine(iInvoiceLineId, iProductId, iInvoiceId, fPrice, iQuantity) VALUES (19, 5, 32, 1707.6214, 78)
INSERT dbo.TInvoiceLine(iInvoiceLineId, iProductId, iInvoiceId, fPrice, iQuantity) VALUES (20, 21, 45, 1270.674, 75)
INSERT dbo.TInvoiceLine(iInvoiceLineId, iProductId, iInvoiceId, fPrice, iQuantity) VALUES (21, 17, 1, 125.0182, 4)
INSERT dbo.TInvoiceLine(iInvoiceLineId, iProductId, iInvoiceId, fPrice, iQuantity) VALUES (22, 3, 36, 1437.8708, 1)
INSERT dbo.TInvoiceLine(iInvoiceLineId, iProductId, iInvoiceId, fPrice, iQuantity) VALUES (23, 18, 8, 1352.5502, 86)
INSERT dbo.TInvoiceLine(iInvoiceLineId, iProductId, iInvoiceId, fPrice, iQuantity) VALUES (24, 16, 12, 1804.1325, 30)
INSERT dbo.TInvoiceLine(iInvoiceLineId, iProductId, iInvoiceId, fPrice, iQuantity) VALUES (25, 7, 24, 887.4569, 90)
INSERT dbo.TInvoiceLine(iInvoiceLineId, iProductId, iInvoiceId, fPrice, iQuantity) VALUES (26, 7, 27, 1499.8616, 41)
INSERT dbo.TInvoiceLine(iInvoiceLineId, iProductId, iInvoiceId, fPrice, iQuantity) VALUES (27, 20, 34, 308.1375, 25)
INSERT dbo.TInvoiceLine(iInvoiceLineId, iProductId, iInvoiceId, fPrice, iQuantity) VALUES (28, 16, 15, 1713.5851, 27)
INSERT dbo.TInvoiceLine(iInvoiceLineId, iProductId, iInvoiceId, fPrice, iQuantity) VALUES (29, 15, 12, 1526.3251, 3)
INSERT dbo.TInvoiceLine(iInvoiceLineId, iProductId, iInvoiceId, fPrice, iQuantity) VALUES (30, 6, 21, 220.7191, 41)
INSERT dbo.TInvoiceLine(iInvoiceLineId, iProductId, iInvoiceId, fPrice, iQuantity) VALUES (31, 15, 2, 948.7251, 50)
INSERT dbo.TInvoiceLine(iInvoiceLineId, iProductId, iInvoiceId, fPrice, iQuantity) VALUES (32, 8, 44, 1924.9409, 65)
INSERT dbo.TInvoiceLine(iInvoiceLineId, iProductId, iInvoiceId, fPrice, iQuantity) VALUES (33, 3, 17, 450.5349, 11)
INSERT dbo.TInvoiceLine(iInvoiceLineId, iProductId, iInvoiceId, fPrice, iQuantity) VALUES (34, 1, 9, 915.8527, 71)
INSERT dbo.TInvoiceLine(iInvoiceLineId, iProductId, iInvoiceId, fPrice, iQuantity) VALUES (35, 5, 7, 1413.0411, 63)
INSERT dbo.TInvoiceLine(iInvoiceLineId, iProductId, iInvoiceId, fPrice, iQuantity) VALUES (36, 4, 34, 247.4664, 6)
INSERT dbo.TInvoiceLine(iInvoiceLineId, iProductId, iInvoiceId, fPrice, iQuantity) VALUES (37, 7, 44, 1894.7032, 20)
INSERT dbo.TInvoiceLine(iInvoiceLineId, iProductId, iInvoiceId, fPrice, iQuantity) VALUES (38, 20, 40, 1121.2542, 97)
INSERT dbo.TInvoiceLine(iInvoiceLineId, iProductId, iInvoiceId, fPrice, iQuantity) VALUES (39, 17, 6, 781.9604, 22)
INSERT dbo.TInvoiceLine(iInvoiceLineId, iProductId, iInvoiceId, fPrice, iQuantity) VALUES (40, 17, 34, 1721.5922, 37)
INSERT dbo.TInvoiceLine(iInvoiceLineId, iProductId, iInvoiceId, fPrice, iQuantity) VALUES (41, 18, 25, 1073.2515, 96)
INSERT dbo.TInvoiceLine(iInvoiceLineId, iProductId, iInvoiceId, fPrice, iQuantity) VALUES (42, 6, 14, 366.1952, 28)
INSERT dbo.TInvoiceLine(iInvoiceLineId, iProductId, iInvoiceId, fPrice, iQuantity) VALUES (43, 20, 9, 492.547, 37)
INSERT dbo.TInvoiceLine(iInvoiceLineId, iProductId, iInvoiceId, fPrice, iQuantity) VALUES (44, 6, 50, 169.4027, 96)
INSERT dbo.TInvoiceLine(iInvoiceLineId, iProductId, iInvoiceId, fPrice, iQuantity) VALUES (45, 11, 3, 585.4423, 12)
INSERT dbo.TInvoiceLine(iInvoiceLineId, iProductId, iInvoiceId, fPrice, iQuantity) VALUES (46, 7, 35, 263.1762, 42)
INSERT dbo.TInvoiceLine(iInvoiceLineId, iProductId, iInvoiceId, fPrice, iQuantity) VALUES (47, 5, 47, 711.0305, 85)
INSERT dbo.TInvoiceLine(iInvoiceLineId, iProductId, iInvoiceId, fPrice, iQuantity) VALUES (48, 2, 47, 1758.867, 99)
INSERT dbo.TInvoiceLine(iInvoiceLineId, iProductId, iInvoiceId, fPrice, iQuantity) VALUES (49, 4, 8, 710.888, 8)
INSERT dbo.TInvoiceLine(iInvoiceLineId, iProductId, iInvoiceId, fPrice, iQuantity) VALUES (50, 4, 25, 391.8323, 82)
GO
SET IDENTITY_INSERT dbo.TInvoiceLine OFF
GO

--
-- Inserting data into table dbo.TRating
--
INSERT dbo.TRating(iProductId, iUserId, iRating, cComment) VALUES (5, 7, 4, 'Simplistically, the progress of the formal action likely the constructive criticism. This seems to be a notably obvious step towards the structure absorption the positive influence of any functional testing.  ')
INSERT dbo.TRating(iProductId, iUserId, iRating, cComment) VALUES (9, 9, 5, 'It goes without saying that the edge of the comprehensive methods facilitates access to the ultimate advantage of considerable advancement over alternate practices.  ')
INSERT dbo.TRating(iProductId, iUserId, iRating, cComment) VALUES (18, 18, 1, 'One cannot possibly accept the fact that the example of the corporate asset growth may motivate developers to work out the entity integrity. It may reveal how the independent knowledge briefly the conceptual design the more operating speed model of the overall scores.  ')
INSERT dbo.TRating(iProductId, iUserId, iRating, cComment) VALUES (4, 4, 5, NULL)
INSERT dbo.TRating(iProductId, iUserId, iRating, cComment) VALUES (7, 8, 3, 'Fortunately, the evaluation of reliability activities for any of the primary element provides a prominent example of the data management and data architecture framework. We must be ready for integration prospects and well-known practice investigation of every contradiction between the functional testing and the valuable information.  ')
INSERT dbo.TRating(iProductId, iUserId, iRating, cComment) VALUES (8, 10, 2, 'Let''s consider, that the basic layout for a number of the basic reason of the entity integrity needs to be processed together with the the emergency planning. It may reveal how the significant improvement accordingly the referential arguments.')
INSERT dbo.TRating(iProductId, iUserId, iRating, cComment) VALUES (3, 5, 1, 'We must bear in mind that the tasks priority management and growth opportunities of it are quite high. Resulting from review or analysis of threats and opportunities, we can presume that with help of the criterion provides a glimpse at every contradiction between the goals and objectives and the relational approach.  ')
INSERT dbo.TRating(iProductId, iUserId, iRating, cComment) VALUES (6, 8, 1, 'It is necessary to point out that the task analysis in its influence on each of the strategic decisions gives us a clear notion of the prominent landmarks. Everyone understands what it takes to the strategic management. Such tendency may methodically originate from the product design and development the set of related commands and controls.  ')
INSERT dbo.TRating(iProductId, iUserId, iRating, cComment) VALUES (4, 6, 4, 'It is necessary to point out that the advantage of the basic feature may share attitudes on the participant evaluation sample. It may reveal how the optimization scenario basically the diverse sources of information.')
INSERT dbo.TRating(iProductId, iUserId, iRating, cComment) VALUES (2, 3, 2, 'It is obvious, that organization of the comprehensive methods must stay true to the key factor. Everyone understands what it takes to the minor details of major decisions, that lie behind the formal review of opportunities the general features and possibilities of the permanent growth.  ')
INSERT dbo.TRating(iProductId, iUserId, iRating, cComment) VALUES (13, 13, 3, 'Looking it another way, the major accomplishments, such as the continuing support, the data management and data architecture framework, the first-class package or the major decisions, that lie behind the sufficient amount shows a stable performance in development of the system concepts. Everyone understands what it takes to the productivity boost.')
INSERT dbo.TRating(iProductId, iUserId, iRating, cComment) VALUES (19, 19, 2, 'For a number of reasons, the advantage of the basic feature may share attitudes on what is conventionally known as final draft.  ')
INSERT dbo.TRating(iProductId, iUserId, iRating, cComment) VALUES (21, 22, 5, NULL)
INSERT dbo.TRating(iProductId, iUserId, iRating, cComment) VALUES (14, 14, 2, 'At any rate, the example of the specific decisions should correlate with the questionable thesis.  ')
INSERT dbo.TRating(iProductId, iUserId, iRating, cComment) VALUES (20, 20, 1, 'Thus, final stages of the first-class package becomes even more complex when compared with the strategic planning. This could partially be a result of a ground-breaking technology.  ')
INSERT dbo.TRating(iProductId, iUserId, iRating, cComment) VALUES (7, 9, NULL, 'According to some experts, the pursuance of major area of expertise minimizes influence of the hardware maintenance. Thus a complete understanding is missing.  ')
INSERT dbo.TRating(iProductId, iUserId, iRating, cComment) VALUES (15, 15, 1, 'It is necessary to point out that all approaches to the creation of the edge of the diverse sources of information underlines the limitations of the entire picture.  ')
INSERT dbo.TRating(iProductId, iUserId, iRating, cComment) VALUES (16, 17, 1, 'To straighten it out, the edge of the strategic decision provides a solid basis for the preliminary action plan.  ')
INSERT dbo.TRating(iProductId, iUserId, iRating, cComment) VALUES (1, 3, 1, NULL)
INSERT dbo.TRating(iProductId, iUserId, iRating, cComment) VALUES (21, 21, 5, 'Besides, the explicit examination of development process  requires urgent actions to be taken towards the questionable thesis.  ')
INSERT dbo.TRating(iProductId, iUserId, iRating, cComment) VALUES (8, 9, 1, 'In the meantime core concept of the basic feature the general features and possibilities of the emergency planning the high performance of the structure absorption. It may reveal how the major and minor objectives immediately what is conventionally known as optimization scenario the questionable thesis.')
INSERT dbo.TRating(iProductId, iUserId, iRating, cComment) VALUES (17, 18, 1, 'As for some of the structured technology analysis, it is clear that details of the comprehensive methods must stay true to the structured technology analysis. We must be ready for development process  and set of related commands and controls investigation of the competitive development and manufacturing.')
INSERT dbo.TRating(iProductId, iUserId, iRating, cComment) VALUES (10, 10, 2, 'On top of that all approaches to the creation of any part of the effective time management may motivate developers to work out what is conventionally known as key factor.  ')
INSERT dbo.TRating(iProductId, iUserId, iRating, cComment) VALUES (16, 16, 4, 'Furthermore, one should not forget that the unification of the integrated collection of software engineering standards minimizes influence of the valuable information. Everyone understands what it takes to the more standards control of the base configuration the efficient decision.  ')
INSERT dbo.TRating(iProductId, iUserId, iRating, cComment) VALUES (5, 5, 3, 'The majority of examinations of the wasted impacts show that a key factor of the deep analysis may motivate developers to work out what can be classified as the operating speed model.  ')
INSERT dbo.TRating(iProductId, iUserId, iRating, cComment) VALUES (11, 11, 3, 'To be honest, the structure of the essence will require a vast knowledge. Focusing on the latest investigations, we can positively say that a surprising flexibility in a small part of the matrix of available reinforces the argument for the proper strategy of the basic reason of the development sequence.  ')
INSERT dbo.TRating(iProductId, iUserId, iRating, cComment) VALUES (3, 4, 3, 'On the other hand, the exceptional results of the competitive development and manufacturing may motivate developers to work out the proper difference of the technical requirements.  ')
INSERT dbo.TRating(iProductId, iUserId, iRating, cComment) VALUES (9, 10, 2, 'Perhaps we should also point out the fact that a number of brand new approaches has been tested during the the improvement of the emergency planning. It''s a well-known fact that there is a direct relation between the system mechanism and the structure of the prominent landmarks.')
INSERT dbo.TRating(iProductId, iUserId, iRating, cComment) VALUES (4, 5, 5, 'It is worth emphasizing that a lot of effort has been invested into the systems approach. Focusing on the latest investigations, we can positively say that the matter of the strategic decision the referential arguments.')
INSERT dbo.TRating(iProductId, iUserId, iRating, cComment) VALUES (1, 2, 4, 'Eventually, concentration of core concept of the standards control should correlate with every contradiction between the design aspects and the content testing method.  ')
INSERT dbo.TRating(iProductId, iUserId, iRating, cComment) VALUES (2, 4, 1, 'For instance, the core principles represents opportunities for the proper usage of the ability bias.  ')
INSERT dbo.TRating(iProductId, iUserId, iRating, cComment) VALUES (6, 6, 1, 'So far, criteria of impact of the comprehensive set of policy statements ensures integrity of the operations research. The real reason of the driving factor approximately any important or implicative approach the competitive development and manufacturing. The task analysis turns it into something strategically real.  ')
INSERT dbo.TRating(iProductId, iUserId, iRating, cComment) VALUES (10, 11, 5, 'Eventually, the unification of the corporate ethics and philosophy becomes even more complex when compared with the storage area. It should rather be regarded as an integral part of the participant evaluation sample.  ')
INSERT dbo.TRating(iProductId, iUserId, iRating, cComment) VALUES (18, 19, 3, 'In spite of the fact that the influence of the relation between the key principles and the critical thinking may share attitudes on the consequential risks.')
INSERT dbo.TRating(iProductId, iUserId, iRating, cComment) VALUES (5, 6, 0, 'Thus, each of the basic feature becomes extremely important for the irrelevance of estimation.  ')
INSERT dbo.TRating(iProductId, iUserId, iRating, cComment) VALUES (11, 12, 4, 'A number of key issues arise from the belief that final stages of the operating speed model poses problems and challenges for both the specific decisions and the data management and data architecture framework.  ')
INSERT dbo.TRating(iProductId, iUserId, iRating, cComment) VALUES (17, 17, 5, 'Although, the explicit examination of effective mechanism must take into account the possibility of the general features and possibilities of the internal network.  ')
INSERT dbo.TRating(iProductId, iUserId, iRating, cComment) VALUES (12, 12, 5, NULL)
INSERT dbo.TRating(iProductId, iUserId, iRating, cComment) VALUES (1, 1, NULL, 'As a matter of fact, the raw draft of the operational system gives us a clear notion of any specific decisions. This may be done through the participant evaluation sample.  ')
INSERT dbo.TRating(iProductId, iUserId, iRating, cComment) VALUES (13, 14, 3, 'At any rate, criteria of segments of the critical thinking gives us a clear notion of every contradiction between the systems approach and the design patterns.  ')
INSERT dbo.TRating(iProductId, iUserId, iRating, cComment) VALUES (19, 20, 2, 'Regardless of the fact that the evolution of the deep analysis will possibly result in the preliminary action plan.  ')
INSERT dbo.TRating(iProductId, iUserId, iRating, cComment) VALUES (6, 7, 1, 'By some means, final stages of the crucial component remains the crucial component of the effective mechanism. It should rather be regarded as an integral part of the integration prospects.  ')
INSERT dbo.TRating(iProductId, iUserId, iRating, cComment) VALUES (12, 13, 5, 'Quite possibly, in the context of treatment the ultimate advantage of adaptive program over alternate practices the structured technology analysis and poses problems and challenges for both the functional testing and the software engineering concepts and practices.  ')
INSERT dbo.TRating(iProductId, iUserId, iRating, cComment) VALUES (7, 7, 1, 'To all effects and purposes, the advantage of the deep analysis is of a great interest. Simplistically, the operational system should correlate with the competitive development and manufacturing on a modern economy.  ')
INSERT dbo.TRating(iProductId, iUserId, iRating, cComment) VALUES (14, 15, 5, 'The other side of the coin is, however, that the main source of the the profit becomes a key factor of any coherent software. This may be done through the hardware maintenance.  ')
INSERT dbo.TRating(iProductId, iUserId, iRating, cComment) VALUES (20, 21, 1, 'It is undeniable that the framework of the treatment gives us a clear notion of the continuing duplication doctrine.  ')
INSERT dbo.TRating(iProductId, iUserId, iRating, cComment) VALUES (15, 16, 2, 'On the assumption of the point of the integrating procedure, the layout of the basic feature likely the more operational system of the bilateral act every contradiction between the draft analysis and prior decisions and early design solutions and the development process .  ')
INSERT dbo.TRating(iProductId, iUserId, iRating, cComment) VALUES (2, 2, 1, 'Thus, components of the structure of the predictable behavior the proper extension of the integrated collection of software engineering standards the risks of the proper capacity of the linguistic approach.  ')
INSERT dbo.TRating(iProductId, iUserId, iRating, cComment) VALUES (8, 8, 2, 'We cannot ignore the fact that the example of the emergency planning involves some problems with the subsequent actions. It may reveal how the influence on eventual productivity entirely the formal review of opportunities. It should rather be regarded as an integral part of the efficient decision the questionable thesis.  ')
INSERT dbo.TRating(iProductId, iUserId, iRating, cComment) VALUES (3, 3, 4, 'All in all, some part of the strategic decision becomes even more complex when compared with the preliminary action plan. A solution might be in a combination of effective time management and market tendencies the entity integrity on a modern economy.  ')
GO

--
-- Set NOEXEC to off
--

SET NOEXEC OFF
GO