--
-- Script was generated by Devart dbForge Data Generator for SQL Server, Version 4.2.76.0
-- Product Home Page: http://www.devart.com/dbforge/sql/data-generator/
-- Script date 12/10/2019 8:50:49 AM
-- Target server version: 15.00.2070
-- Target connection string: Data Source=localhost;Encrypt=False;Initial Catalog=Rainforest;Integrated Security=False;User ID=sa
--



SET LANGUAGE 'English'
SET DATEFORMAT ymd
SET ARITHABORT, ANSI_PADDING, ANSI_WARNINGS, CONCAT_NULL_YIELDS_NULL, QUOTED_IDENTIFIER, ANSI_NULLS, NOCOUNT ON
SET NUMERIC_ROUNDABORT, IMPLICIT_TRANSACTIONS, XACT_ABORT OFF
GO

--
-- Backing up database Rainforest
--
--
-- Create backup folder
--
IF OBJECT_ID('xp_create_subdir') IS NOT NULL
  EXEC xp_create_subdir N'C:\Program Files\Microsoft SQL Server\MSSQL15.MSSQLSERVER\MSSQL\Backup'
--
-- Backup database to the file with the name: <database_name>_<yyyy>_<mm>_<dd>_<hh>_<mi>.bak
--
DECLARE @db_name SYSNAME
SET @db_name = N'Rainforest'

DECLARE @filepath NVARCHAR(4000)
SET @filepath =
/*define base part*/ N'C:\Program Files\Microsoft SQL Server\MSSQL15.MSSQLSERVER\MSSQL\Backup\' + @db_name + '_' +
/*append date*/ REPLACE(CONVERT(NVARCHAR(10), GETDATE(), 102), '.', '_') + '_' +
/*append time*/ REPLACE(CONVERT(NVARCHAR(5), GETDATE(), 108), ':', '_') + '.bak'

DECLARE @SQL NVARCHAR(MAX)
SET @SQL = 
    N'BACKUP DATABASE ' + QUOTENAME(@db_name) + ' TO DISK = @filepath WITH INIT' + 
      CASE WHEN EXISTS(
                SELECT value
                FROM sys.configurations
                WHERE name = 'backup compression default'
          )
        THEN ', COMPRESSION'
        ELSE ''
      END

EXEC sys.sp_executesql @SQL, N'@filepath NVARCHAR(4000)', @filepath = @filepath
GO

USE Rainforest
GO

IF DB_NAME() <> N'Rainforest' SET NOEXEC ON
GO
--
-- Delete data from the table 'dbo.TRating'
--
TRUNCATE TABLE dbo.TRating
GO
--
-- Delete data from the table 'dbo.TInvoiceLine'
--
TRUNCATE TABLE dbo.TInvoiceLine
GO
--
-- Delete data from the table 'dbo.TInvoice'
--
DELETE dbo.TInvoice
GO
--
-- Delete data from the table 'dbo.TCreditCard'
--
DELETE dbo.TCreditCard
GO
--
-- Delete data from the table 'dbo.TUser'
--
DELETE dbo.TUser
GO
--
-- Delete data from the table 'dbo.TProduct'
--
DELETE dbo.TProduct
GO
--
-- Delete data from the table 'dbo.TCity'
--
DELETE dbo.TCity
GO

--
-- Inserting data into table dbo.TCity
--
SET IDENTITY_INSERT dbo.TCity ON
GO
INSERT dbo.TCity(iCityId, cZipCode, cCity) VALUES (1, '8533', 'Dronningmølle')
INSERT dbo.TCity(iCityId, cZipCode, cCity) VALUES (2, '7192', 'Hørsholm')
INSERT dbo.TCity(iCityId, cZipCode, cCity) VALUES (3, '6672', 'Skovlunde')
INSERT dbo.TCity(iCityId, cZipCode, cCity) VALUES (4, '6256', 'Fredensborg')
INSERT dbo.TCity(iCityId, cZipCode, cCity) VALUES (5, '2053', 'Nærum')
INSERT dbo.TCity(iCityId, cZipCode, cCity) VALUES (6, '8635', 'Ølsted')
INSERT dbo.TCity(iCityId, cZipCode, cCity) VALUES (7, '7249', 'Veksø Sjælland')
INSERT dbo.TCity(iCityId, cZipCode, cCity) VALUES (8, '1786', 'Hasle')
INSERT dbo.TCity(iCityId, cZipCode, cCity) VALUES (9, '7953', 'Ålsgårde')
INSERT dbo.TCity(iCityId, cZipCode, cCity) VALUES (10, '3315', 'Taastrup')
INSERT dbo.TCity(iCityId, cZipCode, cCity) VALUES (11, '4475', 'Kokkedal')
INSERT dbo.TCity(iCityId, cZipCode, cCity) VALUES (12, '3458', 'København S')
INSERT dbo.TCity(iCityId, cZipCode, cCity) VALUES (13, '3396', 'Ballerup')
INSERT dbo.TCity(iCityId, cZipCode, cCity) VALUES (14, '6341', 'Værløse')
INSERT dbo.TCity(iCityId, cZipCode, cCity) VALUES (15, '5126', 'Dyssegård')
INSERT dbo.TCity(iCityId, cZipCode, cCity) VALUES (16, '6693', 'Kvistgård')
INSERT dbo.TCity(iCityId, cZipCode, cCity) VALUES (17, '7597', 'Rønne')
INSERT dbo.TCity(iCityId, cZipCode, cCity) VALUES (18, '1187', 'Skævinge')
INSERT dbo.TCity(iCityId, cZipCode, cCity) VALUES (19, '7611', 'Nivå')
INSERT dbo.TCity(iCityId, cZipCode, cCity) VALUES (20, '6293', 'Farum')
INSERT dbo.TCity(iCityId, cZipCode, cCity) VALUES (21, '6080', 'Søborg')
INSERT dbo.TCity(iCityId, cZipCode, cCity) VALUES (22, '1463', 'Aakirkeby')
INSERT dbo.TCity(iCityId, cZipCode, cCity) VALUES (23, '6185', 'Bagsværd')
INSERT dbo.TCity(iCityId, cZipCode, cCity) VALUES (24, '2320', 'Måløv')
INSERT dbo.TCity(iCityId, cZipCode, cCity) VALUES (25, '4810', 'Ishøj')
INSERT dbo.TCity(iCityId, cZipCode, cCity) VALUES (26, '4816', 'Helsingør')
INSERT dbo.TCity(iCityId, cZipCode, cCity) VALUES (27, '5665', 'København NV')
INSERT dbo.TCity(iCityId, cZipCode, cCity) VALUES (28, '4596', 'Gørløse')
INSERT dbo.TCity(iCityId, cZipCode, cCity) VALUES (29, '6632', 'Lynge')
INSERT dbo.TCity(iCityId, cZipCode, cCity) VALUES (30, '8797', 'Hellebæk')
GO
SET IDENTITY_INSERT dbo.TCity OFF
GO

--
-- Inserting data into table dbo.TProduct
--
SET IDENTITY_INSERT dbo.TProduct ON
GO
INSERT dbo.TProduct(iProductId, cName, cDescription, fUnitPrice, iQuantity) VALUES (1, 'Sunscreen ', 'Protects your skin from dangerous uv radiation', 129, 300)
INSERT dbo.TProduct(iProductId, cName, cDescription, fUnitPrice, iQuantity) VALUES (2, 'Ration ', 'Dont wanna cook? no problem', 30, 300)
INSERT dbo.TProduct(iProductId, cName, cDescription, fUnitPrice, iQuantity) VALUES (3, 'Shampoo travel size', 'specially formulated for dry hair. Enriched with key ingredient extracts for their enriching properties. It leaves your hair manageable and soft. ', 194, 300)
INSERT dbo.TProduct(iProductId, cName, cDescription, fUnitPrice, iQuantity) VALUES (4, 'Water bottle', '500ml. Hydrate', 100, 300)
INSERT dbo.TProduct(iProductId, cName, cDescription, fUnitPrice, iQuantity) VALUES (5, 'Sun glasses ', 'Daytona features UV400 protective durable drop-tested lens, polycarbonate frames and is packaged with protective film on lens. Complies with ANSI, Prop 65. 5.75" L x 5.875" W x 1.875" H ', 2000, 300)
INSERT dbo.TProduct(iProductId, cName, cDescription, fUnitPrice, iQuantity) VALUES (6, 'Plants', 'Bring you back to nature', 60, 300)
INSERT dbo.TProduct(iProductId, cName, cDescription, fUnitPrice, iQuantity) VALUES (7, 'Hat', 'Wool', 300, 300)
INSERT dbo.TProduct(iProductId, cName, cDescription, fUnitPrice, iQuantity) VALUES (8, 'Wireless headphone', 'noise cancelling, 30 hrs playing time, high quality built in microphone ',2100, 300)
INSERT dbo.TProduct(iProductId, cName, cDescription, fUnitPrice, iQuantity) VALUES (9, 'Cords', 'Omnis.', 30, 300)
INSERT dbo.TProduct(iProductId, cName, cDescription, fUnitPrice, iQuantity) VALUES (10, 'Goretex Jacket', 'Water and wind proof', 4500, 300)
INSERT dbo.TProduct(iProductId, cName, cDescription, fUnitPrice, iQuantity) VALUES (11, 'Gloves', 'Comfortable and warm', 150, 300)
INSERT dbo.TProduct(iProductId, cName, cDescription, fUnitPrice, iQuantity) VALUES (12, 'Pants','Black pants, stylish', 50, 300)
INSERT dbo.TProduct(iProductId, cName, cDescription, fUnitPrice, iQuantity) VALUES (13, 'Bammboo cutlery set', 'Eco friendly, comfortable texture, perfect for travel', 100, 300)
INSERT dbo.TProduct(iProductId, cName, cDescription, fUnitPrice, iQuantity) VALUES (14, 'Power bank', 'provide ener', 200, 300)
INSERT dbo.TProduct(iProductId, cName, cDescription, fUnitPrice, iQuantity) VALUES (15, 'Fire extinguisher', ' ABC Powder Type (Stored Pressure) Fire Extinguisher, Multipurpose uses & Multipurpose uses ABC Type Fire Extinguisher capacity-4 Kg, with 5 years warranty.No Maintenance required, Clear Instruction Label & No Maintenance, ISI, BIS Mark, ISO & CE Certified Product ', 2000, 300)
INSERT dbo.TProduct(iProductId, cName, cDescription, fUnitPrice, iQuantity) VALUES (16, 'Outdoor shoes ', 'Keeps your feet dry', 600, 300)
INSERT dbo.TProduct(iProductId, cName, cDescription, fUnitPrice, iQuantity) VALUES (17, 'Utility Knife ', ' Quick-Change Folding Lockback Knife - Ideal for General-Purpose Cutting
Quick-Change Blade Replacement Mechanism - Provides Easy Blade Switch
Aviation-Grade Aluminum Handle Ensures Durability | Stainless Steel Belt Clip | Blade Release ', 900, 300)
INSERT dbo.TProduct(iProductId, cName, cDescription, fUnitPrice, iQuantity) VALUES (18, 'Umbrella ', 'Compact and lightweight, wind-defying, double vented', 100, 300)
INSERT dbo.TProduct(iProductId, cName, cDescription, fUnitPrice, iQuantity) VALUES (19, 'Bike flashlight', 'Light your way', 60, 300)
INSERT dbo.TProduct(iProductId, cName, cDescription, fUnitPrice, iQuantity) VALUES (20, 'Flashlight', 'Shine in the dark', 300, 300)
INSERT dbo.TProduct(iProductId, cName, cDescription, fUnitPrice, iQuantity) VALUES (21, 'Walking stick', 'Move twice as fast', 700, 300)
INSERT dbo.TProduct(iProductId, cName, cDescription, fUnitPrice, iQuantity) VALUES (22, 'Card strap', 'Keeping things close to you', 20, 300)

GO
SET IDENTITY_INSERT dbo.TProduct OFF
GO


--
-- Inserting data into table dbo.TUser
--
SET IDENTITY_INSERT dbo.TUser ON
GO
INSERT dbo.TUser(iUserId, cEmail, cFirstName, cLastName, cAddress, iCityId, cPhoneNo) VALUES (1, 'GaleLegg@example.com', 'Gale', 'Legg', '1862 Cedar Tree Blvd', 20, '318-3177')
INSERT dbo.TUser(iUserId, cEmail, cFirstName, cLastName, cAddress, iCityId, cPhoneNo) VALUES (2, 'Sisse9@nowhere.com', 'Sisse', 'Noland', '14 Waterview Road', 10, '867-0182')
INSERT dbo.TUser(iUserId, cEmail, cFirstName, cLastName, cAddress, iCityId, cPhoneNo) VALUES (3, 'Rodrick@nowhere.com', 'Rodrick', 'Hinton', '635 Flintwood Circle', 20, '353-7640')
INSERT dbo.TUser(iUserId, cEmail, cFirstName, cLastName, cAddress, iCityId, cPhoneNo) VALUES (4, 'mftalix@nowhere.com', 'Kareem', 'Ritchey', '3178 East Edgewood Cir', 8, '713-7376')
INSERT dbo.TUser(iUserId, cEmail, cFirstName, cLastName, cAddress, iCityId, cPhoneNo) VALUES (5, 'Petrine@example.com', 'Petrine', 'Nolen', '1871 Hunting Hill Way', 25, '540-5340')
INSERT dbo.TUser(iUserId, cEmail, cFirstName, cLastName, cAddress, iCityId, cPhoneNo) VALUES (6, 'JRitchie@example.com', 'Jerrod', 'Ritchie', '3279 North Hunting Hill Court', 25, '792-4178')
INSERT dbo.TUser(iUserId, cEmail, cFirstName, cLastName, cAddress, iCityId, cPhoneNo) VALUES (7, 'NannaLegget@example.com', 'Nanna', 'Leggett', '818 Brentwood Parkway', 20, '150-7747')
INSERT dbo.TUser(iUserId, cEmail, cFirstName, cLastName, cAddress, iCityId, cPhoneNo) VALUES (8, 'BittenNoonan@example.com', 'Bitten', 'Noonan', '55 East Monument Pkwy', 5, '892-6826')
INSERT dbo.TUser(iUserId, cEmail, cFirstName, cLastName, cAddress, iCityId, cPhoneNo) VALUES (9, 'CelineB@example.com', 'Celina', 'Bales', '1443 Front Blvd', 29, '017-7809')
INSERT dbo.TUser(iUserId, cEmail, cFirstName, cLastName, cAddress, iCityId, cPhoneNo) VALUES (10, 'Hannah@example.com', 'Hannah', 'Hirsch', '902 Burwood Blvd', 14, '208-5894')
INSERT dbo.TUser(iUserId, cEmail, cFirstName, cLastName, cAddress, iCityId, cPhoneNo) VALUES (11, 'MarlonRitter@nowhere.com', 'Marlon', 'Ritter', '1147 W Buttonwood Way', 21, '687-0905')
INSERT dbo.TUser(iUserId, cEmail, cFirstName, cLastName, cAddress, iCityId, cPhoneNo) VALUES (12, 'Charlotte@nowhere.com', 'Charlotte', 'Sepulveda', '369 S Buttonwood St', 26, '933-4761')
INSERT dbo.TUser(iUserId, cEmail, cFirstName, cLastName, cAddress, iCityId, cPhoneNo) VALUES (13, 'HilmaNorfleet@example.com', 'Hilma', 'Norfleet', '2001 Hidden Glenwood Lane', 8, '551-3435')
INSERT dbo.TUser(iUserId, cEmail, cFirstName, cLastName, cAddress, iCityId, cPhoneNo) VALUES (14, 'NicolineTucker@nowhere.com', 'Nicoline', 'Tucker', '2186 Red Hunting Hill Ct', 21, '994-3446')
INSERT dbo.TUser(iUserId, cEmail, cFirstName, cLastName, cAddress, iCityId, cPhoneNo) VALUES (15, 'AlvildaL@nowhere.com', 'Alvilda', 'Lehman', '747 White Ironwood Way', 21, '568-7359')
INSERT dbo.TUser(iUserId, cEmail, cFirstName, cLastName, cAddress, iCityId, cPhoneNo) VALUES (16, 'AgneteRivas@example.com', 'Agnete', 'Rivas', '416 North Farmview Ct', 21, '444-1554')
INSERT dbo.TUser(iUserId, cEmail, cFirstName, cLastName, cAddress, iCityId, cPhoneNo) VALUES (17, 'SandraSerna@nowhere.com', 'Sandra', 'Serna', '3369 Hidden Sharp Hill Loop', 2, '225-7490')
INSERT dbo.TUser(iUserId, cEmail, cFirstName, cLastName, cAddress, iCityId, cPhoneNo) VALUES (18, 'BirgithNoriega@example.com', 'Birgith', 'Noriega', '26 SE Chapel Hill Rd', 2, '379-9610')
INSERT dbo.TUser(iUserId, cEmail, cFirstName, cLastName, cAddress, iCityId, cPhoneNo) VALUES (19, 'MattHitch.com', 'Matt', 'Hitchcock', '2396 Hidden Church Ln', 20, '278-1497')
INSERT dbo.TUser(iUserId, cEmail, cFirstName, cLastName, cAddress, iCityId, cPhoneNo) VALUES (20, 'RebeccaTugg@example.com', 'Rebecca', 'Tuggle', '921 North Rushwood Road', 12, '129-7467')
INSERT dbo.TUser(iUserId, cEmail, cFirstName, cLastName, cAddress, iCityId, cPhoneNo) VALUES (21, 'Alice@example.com', 'Alice', 'Calhoun', '49 Social Ln', 18, '632-6959')
INSERT dbo.TUser(iUserId, cEmail, cFirstName, cLastName, cAddress, iCityId, cPhoneNo) VALUES (22, 'Dagmar@example.com', 'Dagmar', 'Rivera', '24 NE Stonewood Parkway', 21, '588-9670')
INSERT dbo.TUser(iUserId, cEmail, cFirstName, cLastName, cAddress, iCityId, cPhoneNo) VALUES (23, 'Cathrine@example.com', 'Cathrine', 'Gist', '2234 Rockwood Road', 8, '014-6001')
INSERT dbo.TUser(iUserId, cEmail, cFirstName, cLastName, cAddress, iCityId, cPhoneNo) VALUES (24, 'Ned@example.com', 'Ned', 'Norman', '3603 Woodfort Cir', 24, '945-9523')
INSERT dbo.TUser(iUserId, cEmail, cFirstName, cLastName, cAddress, iCityId, cPhoneNo) VALUES (25, 'LehmannAlex@example.com', 'Alex', 'Lehmann', '237 S Sharp Hill Pkwy', 7, '961-6604')
GO
SET IDENTITY_INSERT dbo.TUser OFF
GO

--
-- Inserting data into table dbo.TCreditCard
--
INSERT dbo.TCreditCard(iCardId, iUserId, cCreditCardNo, cCardholderName, cExpiration, cCCV) VALUES (1, 1, '6219030114829428', 'Abraham Acevedo', '2019-12-10', 499)
INSERT dbo.TCreditCard(iCardId, iUserId, cCreditCardNo, cCardholderName, cExpiration, cCCV) VALUES (2, 1, '6393761636051939', 'Jacobine Lord', '2027-03-12', 964)
INSERT dbo.TCreditCard(iCardId, iUserId, cCreditCardNo, cCardholderName, cExpiration, cCCV) VALUES (3, 2, '3569557052342652', 'Agnethe Lind', '2019-12-14', 156)
INSERT dbo.TCreditCard(iCardId, iUserId, cCreditCardNo, cCardholderName, cExpiration, cCCV) VALUES (4, 2, '6388319094617167', 'Mary Beaudoin', '2023-05-02', 363)
INSERT dbo.TCreditCard(iCardId, iUserId, cCreditCardNo, cCardholderName, cExpiration, cCCV) VALUES (5, 3, '5465638948752575', 'Jason Blackmon', '2022-10-30', 110)
INSERT dbo.TCreditCard(iCardId, iUserId, cCreditCardNo, cCardholderName, cExpiration, cCCV) VALUES (6, 3, '347583787596847', 'Cæcilie Card', '2024-07-13', 791)
INSERT dbo.TCreditCard(iCardId, iUserId, cCreditCardNo, cCardholderName, cExpiration, cCCV) VALUES (7, 4, '344261595389365', 'Carroll Binder', '2021-09-23', 791)
INSERT dbo.TCreditCard(iCardId, iUserId, cCreditCardNo, cCardholderName, cExpiration, cCCV) VALUES (8, 4, '39000301492299', 'Maynard Brockman', '2025-03-17', 824)
INSERT dbo.TCreditCard(iCardId, iUserId, cCreditCardNo, cCardholderName, cExpiration, cCCV) VALUES (9, 5, '6213004299221251', 'Hanne Charlton', '2020-09-28', 458)
INSERT dbo.TCreditCard(iCardId, iUserId, cCreditCardNo, cCardholderName, cExpiration, cCCV) VALUES (10, 5, '3554742126190165', 'Frederikke Cartwright', '2021-08-31', 342)
INSERT dbo.TCreditCard(iCardId, iUserId, cCreditCardNo, cCardholderName, cExpiration, cCCV) VALUES (11, 6, '30380484016407', 'Fabian Dalton', '2021-09-05', 509)
INSERT dbo.TCreditCard(iCardId, iUserId, cCreditCardNo, cCardholderName, cExpiration, cCCV) VALUES (12, 6, '6398396566636220', 'Isreal Dougherty', '2025-08-20', 233)
INSERT dbo.TCreditCard(iCardId, iUserId, cCreditCardNo, cCardholderName, cExpiration, cCCV) VALUES (13, 7, '30955940004285', 'Forrest Babb', '2019-12-11', 571)
INSERT dbo.TCreditCard(iCardId, iUserId, cCreditCardNo, cCardholderName, cExpiration, cCCV) VALUES (14, 7, '38644647818955', 'Augustine Corbin', '2024-04-05', 349)
INSERT dbo.TCreditCard(iCardId, iUserId, cCreditCardNo, cCardholderName, cExpiration, cCCV) VALUES (15, 8, '6378541446671780', 'Roland Rowan', '2026-08-27', 236)
INSERT dbo.TCreditCard(iCardId, iUserId, cCreditCardNo, cCardholderName, cExpiration, cCCV) VALUES (16, 8, '379017043712501', 'Alma Laporte', '2026-01-05', 239)
INSERT dbo.TCreditCard(iCardId, iUserId, cCreditCardNo, cCardholderName, cExpiration, cCCV) VALUES (17, 9, '4844611435105222', 'Deandre Ortiz', '2021-04-08', 466)
INSERT dbo.TCreditCard(iCardId, iUserId, cCreditCardNo, cCardholderName, cExpiration, cCCV) VALUES (18, 9, '6228587668822793', 'Inga Neville', '2025-04-13', 351)
INSERT dbo.TCreditCard(iCardId, iUserId, cCreditCardNo, cCardholderName, cExpiration, cCCV) VALUES (19, 10, '6225351472624843', 'Grant Ackerman', '2026-06-20', 856)
INSERT dbo.TCreditCard(iCardId, iUserId, cCreditCardNo, cCardholderName, cExpiration, cCCV) VALUES (20, 10, '6244897943913873', 'Celina Ambrose', '2022-12-21', 613)
INSERT dbo.TCreditCard(iCardId, iUserId, cCreditCardNo, cCardholderName, cExpiration, cCCV) VALUES (21, 11, '3543399198062253', 'Frida Bratton', '2023-07-02', 866)
INSERT dbo.TCreditCard(iCardId, iUserId, cCreditCardNo, cCardholderName, cExpiration, cCCV) VALUES (22, 11, '3539989793557099', 'Booker Jackson', '2027-07-16', 970)
INSERT dbo.TCreditCard(iCardId, iUserId, cCreditCardNo, cCardholderName, cExpiration, cCCV) VALUES (23, 12, '344240961646368', 'Gerd Jacobsen', '2020-03-13', 705)
INSERT dbo.TCreditCard(iCardId, iUserId, cCreditCardNo, cCardholderName, cExpiration, cCCV) VALUES (24, 12, '4917747522028687', 'Smilla Bond', '2020-03-15', 521)
INSERT dbo.TCreditCard(iCardId, iUserId, cCreditCardNo, cCardholderName, cExpiration, cCCV) VALUES (25, 12, '345102876781160', 'Kelly Benner', '2026-06-28', 189)
INSERT dbo.TCreditCard(iCardId, iUserId, cCreditCardNo, cCardholderName, cExpiration, cCCV) VALUES (26, 13, '6227534692308390', 'Conny Capps', '2023-12-04', 833)
INSERT dbo.TCreditCard(iCardId, iUserId, cCreditCardNo, cCardholderName, cExpiration, cCCV) VALUES (27, 13, '4844822486652646', 'James Leclair', '2026-02-11', 740)
INSERT dbo.TCreditCard(iCardId, iUserId, cCreditCardNo, cCardholderName, cExpiration, cCCV) VALUES (28, 14, '6389150953239002', 'Harriet Alston', '2024-10-20', 584)
INSERT dbo.TCreditCard(iCardId, iUserId, cCreditCardNo, cCardholderName, cExpiration, cCCV) VALUES (29, 14, '5153607265552667', 'Jeanne Bain', '2022-04-22', 692)
INSERT dbo.TCreditCard(iCardId, iUserId, cCreditCardNo, cCardholderName, cExpiration, cCCV) VALUES (30, 15, '6392229280103985', 'Sally Babb', '2024-08-17', 197)
INSERT dbo.TCreditCard(iCardId, iUserId, cCreditCardNo, cCardholderName, cExpiration, cCCV) VALUES (31, 15, '5525408303712467', 'Cortez Becnel', '2025-01-16', 893)
INSERT dbo.TCreditCard(iCardId, iUserId, cCreditCardNo, cCardholderName, cExpiration, cCCV) VALUES (32, 16, '5525232972299279', 'Iris Alvarado', '2019-12-12', 334)
INSERT dbo.TCreditCard(iCardId, iUserId, cCreditCardNo, cCardholderName, cExpiration, cCCV) VALUES (33, 17, '30470104528830', 'Ian Falls', '2020-10-08', 223)
INSERT dbo.TCreditCard(iCardId, iUserId, cCreditCardNo, cCardholderName, cExpiration, cCCV) VALUES (34, 18, '347625927436168', 'Stanton Colbert', '2023-12-24', 577)
INSERT dbo.TCreditCard(iCardId, iUserId, cCreditCardNo, cCardholderName, cExpiration, cCCV) VALUES (35, 19, '5514607551627581', 'Carla Acker', '2026-05-04', 973)
INSERT dbo.TCreditCard(iCardId, iUserId, cCreditCardNo, cCardholderName, cExpiration, cCCV) VALUES (36, 20, '6246448975774805', 'Pedro Harley', '2026-02-17', 550)
INSERT dbo.TCreditCard(iCardId, iUserId, cCreditCardNo, cCardholderName, cExpiration, cCCV) VALUES (37, 21, '349763845559460', 'Ahmed Burkett', '2021-07-30', 759)
INSERT dbo.TCreditCard(iCardId, iUserId, cCreditCardNo, cCardholderName, cExpiration, cCCV) VALUES (38, 21, '30174605840443', 'Sille Bobo', '2022-08-15', 807)
INSERT dbo.TCreditCard(iCardId, iUserId, cCreditCardNo, cCardholderName, cExpiration, cCCV) VALUES (39, 22, '30120373055615', 'Darrin Downey', '2023-01-06', 415)
INSERT dbo.TCreditCard(iCardId, iUserId, cCreditCardNo, cCardholderName, cExpiration, cCCV) VALUES (40, 23, '6391372132192995', 'Sherwood Moody', '2020-12-01', 484)
INSERT dbo.TCreditCard(iCardId, iUserId, cCreditCardNo, cCardholderName, cExpiration, cCCV) VALUES (41, 24, '5263219638335254', 'Laurence Deloach', '2025-07-24', 680)
INSERT dbo.TCreditCard(iCardId, iUserId, cCreditCardNo, cCardholderName, cExpiration, cCCV) VALUES (42, 25, '341012592279825', 'Malou Cameron', '2023-11-18', 189)
INSERT dbo.TCreditCard(iCardId, iUserId, cCreditCardNo, cCardholderName, cExpiration, cCCV) VALUES (43, 25, '5291497446982055', 'Abraham Berryman', '2024-02-25', 993)
INSERT dbo.TCreditCard(iCardId, iUserId, cCreditCardNo, cCardholderName, cExpiration, cCCV) VALUES (44, 1, '4913249879091651', 'Abe Addison', '2020-10-08', 347)
INSERT dbo.TCreditCard(iCardId, iUserId, cCreditCardNo, cCardholderName, cExpiration, cCCV) VALUES (45, 12, '6398557355686482', 'Petrine Neumann', '2021-12-26', 610)
INSERT dbo.TCreditCard(iCardId, iUserId, cCreditCardNo, cCardholderName, cExpiration, cCCV) VALUES (46, 22, '30058131166474', 'Charlotte Tang', '2021-02-18', 689)
INSERT dbo.TCreditCard(iCardId, iUserId, cCreditCardNo, cCardholderName, cExpiration, cCCV) VALUES (47, 20, '3568131805054252', 'Abe Prosser', '2023-05-09', 614)
INSERT dbo.TCreditCard(iCardId, iUserId, cCreditCardNo, cCardholderName, cExpiration, cCCV) VALUES (48, 6, '4405870361692642', 'Jeffrey Alger', '2019-12-10', 416)
INSERT dbo.TCreditCard(iCardId, iUserId, cCreditCardNo, cCardholderName, cExpiration, cCCV) VALUES (49, 21, '6218259927495496', 'Mirjam Mccreary', '2020-02-13', 801)
INSERT dbo.TCreditCard(iCardId, iUserId, cCreditCardNo, cCardholderName, cExpiration, cCCV) VALUES (50, 14, '30456898197916', 'Shelby Peters', '2024-12-22', 207)
GO



--
-- Inserting data into table dbo.TInvoice
--
SET IDENTITY_INSERT dbo.TInvoice ON
GO
INSERT dbo.TInvoice(iInvoiceId, dDate, iVat, fTotalPrice, iUserId, iCardId) VALUES (1, '2019-12-07 04:39:19.9220000', 17, 4388871.9626, 24, 3)
INSERT dbo.TInvoice(iInvoiceId, dDate, iVat, fTotalPrice, iUserId, iCardId) VALUES (2, '2019-05-26 13:40:07.5540000', 17, 8371111.4138, 10, 23)
INSERT dbo.TInvoice(iInvoiceId, dDate, iVat, fTotalPrice, iUserId, iCardId) VALUES (3, '2019-09-12 17:43:10.4250000', 22, 4762.5369, 21, 18)
INSERT dbo.TInvoice(iInvoiceId, dDate, iVat, fTotalPrice, iUserId, iCardId) VALUES (4, '2019-06-13 18:07:31.0220000', 23, 5246197.613, 3, 42)
INSERT dbo.TInvoice(iInvoiceId, dDate, iVat, fTotalPrice, iUserId, iCardId) VALUES (5, '2019-06-07 08:00:33.6610000', 12, 8795335.3798, 9, 20)
INSERT dbo.TInvoice(iInvoiceId, dDate, iVat, fTotalPrice, iUserId, iCardId) VALUES (6, '2019-05-16 05:15:06.8290000', 10, 4816594.8334, 14, 46)
INSERT dbo.TInvoice(iInvoiceId, dDate, iVat, fTotalPrice, iUserId, iCardId) VALUES (7, '2019-08-09 16:24:53.4230000', 22, 2521129.9772, 13, 30)
INSERT dbo.TInvoice(iInvoiceId, dDate, iVat, fTotalPrice, iUserId, iCardId) VALUES (8, '2019-07-31 01:45:29.5070000', 21, 5640404.2206, 14, 18)
INSERT dbo.TInvoice(iInvoiceId, dDate, iVat, fTotalPrice, iUserId, iCardId) VALUES (9, '2019-09-30 09:31:32.2380000', 16, 5264952.5007, 12, 19)
INSERT dbo.TInvoice(iInvoiceId, dDate, iVat, fTotalPrice, iUserId, iCardId) VALUES (10, '2019-07-25 18:08:33.7840000', 10, 5084134.4135, 20, 47)
INSERT dbo.TInvoice(iInvoiceId, dDate, iVat, fTotalPrice, iUserId, iCardId) VALUES (11, '2019-05-28 11:14:47.4330000', 17, 6.9511, 8, 39)
INSERT dbo.TInvoice(iInvoiceId, dDate, iVat, fTotalPrice, iUserId, iCardId) VALUES (12, '2019-10-28 03:12:51.7320000', 14, 2725068.8423, 4, 3)
INSERT dbo.TInvoice(iInvoiceId, dDate, iVat, fTotalPrice, iUserId, iCardId) VALUES (13, '2019-04-28 17:54:09.5280000', 18, 3062130.5105, 6, 27)
INSERT dbo.TInvoice(iInvoiceId, dDate, iVat, fTotalPrice, iUserId, iCardId) VALUES (14, '2019-08-07 09:31:00.5100000', 25, 9360154.2354, 2, 11)
INSERT dbo.TInvoice(iInvoiceId, dDate, iVat, fTotalPrice, iUserId, iCardId) VALUES (15, '2019-09-02 04:16:27.3350000', 24, 7245507.4269, 4, 10)
INSERT dbo.TInvoice(iInvoiceId, dDate, iVat, fTotalPrice, iUserId, iCardId) VALUES (16, '2019-10-18 16:51:49.6420000', 13, 1611763.3684, 8, 19)
INSERT dbo.TInvoice(iInvoiceId, dDate, iVat, fTotalPrice, iUserId, iCardId) VALUES (17, '2019-07-20 11:24:53.3500000', 13, 8938509.2013, 1, 2)
INSERT dbo.TInvoice(iInvoiceId, dDate, iVat, fTotalPrice, iUserId, iCardId) VALUES (18, '2019-06-29 10:49:45.0890000', 16, 3631.3468, 13, 34)
INSERT dbo.TInvoice(iInvoiceId, dDate, iVat, fTotalPrice, iUserId, iCardId) VALUES (19, '2019-11-21 18:59:33.8960000', 13, 1569665.0494, 8, 29)
INSERT dbo.TInvoice(iInvoiceId, dDate, iVat, fTotalPrice, iUserId, iCardId) VALUES (20, '2019-10-18 12:39:57.2450000', 19, 7711625.3875, 13, 24)
INSERT dbo.TInvoice(iInvoiceId, dDate, iVat, fTotalPrice, iUserId, iCardId) VALUES (21, '2019-04-23 00:18:19.4230000', 22, 8742526.9973, 3, 14)
INSERT dbo.TInvoice(iInvoiceId, dDate, iVat, fTotalPrice, iUserId, iCardId) VALUES (22, '2019-04-10 04:52:42.0010000', 19, 2845197.0341, 2, 10)
INSERT dbo.TInvoice(iInvoiceId, dDate, iVat, fTotalPrice, iUserId, iCardId) VALUES (23, '2019-06-01 19:25:52.5650000', 20, 8398796.3354, 11, 33)
INSERT dbo.TInvoice(iInvoiceId, dDate, iVat, fTotalPrice, iUserId, iCardId) VALUES (24, '2019-04-25 21:01:55.2310000', 20, 867.7812, 22, 12)
INSERT dbo.TInvoice(iInvoiceId, dDate, iVat, fTotalPrice, iUserId, iCardId) VALUES (25, '2019-05-15 23:17:18.4250000', 19, 6.9762, 18, 15)
INSERT dbo.TInvoice(iInvoiceId, dDate, iVat, fTotalPrice, iUserId, iCardId) VALUES (26, '2019-05-11 23:27:09.9990000', 24, 195353.2699, 1, 34)
INSERT dbo.TInvoice(iInvoiceId, dDate, iVat, fTotalPrice, iUserId, iCardId) VALUES (27, '2019-10-11 23:33:36.4170000', 22, 3163406.8375, 16, 32)
INSERT dbo.TInvoice(iInvoiceId, dDate, iVat, fTotalPrice, iUserId, iCardId) VALUES (28, '2019-07-30 20:53:16.3380000', 24, 5587687.2549, 7, 20)
INSERT dbo.TInvoice(iInvoiceId, dDate, iVat, fTotalPrice, iUserId, iCardId) VALUES (29, '2019-06-05 12:41:30.0350000', 24, 1030297.5334, 7, 34)
INSERT dbo.TInvoice(iInvoiceId, dDate, iVat, fTotalPrice, iUserId, iCardId) VALUES (30, '2019-08-02 14:00:58.0010000', 20, 11.4285, 12, 36)
INSERT dbo.TInvoice(iInvoiceId, dDate, iVat, fTotalPrice, iUserId, iCardId) VALUES (31, '2019-07-11 03:48:50.0850000', 12, 686494.2469, 15, 5)
INSERT dbo.TInvoice(iInvoiceId, dDate, iVat, fTotalPrice, iUserId, iCardId) VALUES (32, '2019-05-26 00:35:11.9020000', 24, 927084.264, 10, 16)
INSERT dbo.TInvoice(iInvoiceId, dDate, iVat, fTotalPrice, iUserId, iCardId) VALUES (33, '2019-10-14 11:17:39.6260000', 11, 2506693.0769, 8, 8)
INSERT dbo.TInvoice(iInvoiceId, dDate, iVat, fTotalPrice, iUserId, iCardId) VALUES (34, '2019-05-05 15:45:39.0880000', 15, 8973568.9719, 10, 44)
INSERT dbo.TInvoice(iInvoiceId, dDate, iVat, fTotalPrice, iUserId, iCardId) VALUES (35, '2019-06-24 19:56:37.2000000', 18, 5029442.5265, 19, 10)
INSERT dbo.TInvoice(iInvoiceId, dDate, iVat, fTotalPrice, iUserId, iCardId) VALUES (36, '2019-10-02 13:33:24.8810000', 13, 896.9623, 6, 22)
INSERT dbo.TInvoice(iInvoiceId, dDate, iVat, fTotalPrice, iUserId, iCardId) VALUES (37, '2019-06-04 15:48:29.7370000', 21, 6847281.7358, 14, 1)
INSERT dbo.TInvoice(iInvoiceId, dDate, iVat, fTotalPrice, iUserId, iCardId) VALUES (38, '2019-11-05 02:16:34.0300000', 18, 2042998.52, 24, 41)
INSERT dbo.TInvoice(iInvoiceId, dDate, iVat, fTotalPrice, iUserId, iCardId) VALUES (39, '2019-11-23 08:43:29.1130000', 15, 3944990.0114, 23, 13)
INSERT dbo.TInvoice(iInvoiceId, dDate, iVat, fTotalPrice, iUserId, iCardId) VALUES (40, '2019-04-26 06:58:45.0780000', 10, 5706154.845, 6, 41)
INSERT dbo.TInvoice(iInvoiceId, dDate, iVat, fTotalPrice, iUserId, iCardId) VALUES (41, '2019-04-16 09:11:36.0020000', 17, 555504.3599, 18, 5)
INSERT dbo.TInvoice(iInvoiceId, dDate, iVat, fTotalPrice, iUserId, iCardId) VALUES (42, '2019-06-05 23:06:40.0080000', 11, 61.1562, 2, 30)
INSERT dbo.TInvoice(iInvoiceId, dDate, iVat, fTotalPrice, iUserId, iCardId) VALUES (43, '2019-12-07 20:56:53.5740000', 22, 7020138.4951, 23, 3)
INSERT dbo.TInvoice(iInvoiceId, dDate, iVat, fTotalPrice, iUserId, iCardId) VALUES (44, '2019-10-27 08:30:39.2600000', 19, 5316226.4712, 15, 44)
INSERT dbo.TInvoice(iInvoiceId, dDate, iVat, fTotalPrice, iUserId, iCardId) VALUES (45, '2019-08-27 13:33:49.6650000', 14, 3564679.35, 15, 4)
INSERT dbo.TInvoice(iInvoiceId, dDate, iVat, fTotalPrice, iUserId, iCardId) VALUES (46, '2019-08-05 01:22:09.6710000', 19, 3911046.1727, 13, 25)
INSERT dbo.TInvoice(iInvoiceId, dDate, iVat, fTotalPrice, iUserId, iCardId) VALUES (47, '2019-08-31 15:30:31.1100000', 22, 7785425.3253, 24, 34)
INSERT dbo.TInvoice(iInvoiceId, dDate, iVat, fTotalPrice, iUserId, iCardId) VALUES (48, '2019-04-19 15:54:57.3860000', 20, 7587475.0782, 16, 36)
INSERT dbo.TInvoice(iInvoiceId, dDate, iVat, fTotalPrice, iUserId, iCardId) VALUES (49, '2019-04-09 18:16:12.4570000', 16, 6075883.0805, 17, 43)
INSERT dbo.TInvoice(iInvoiceId, dDate, iVat, fTotalPrice, iUserId, iCardId) VALUES (50, '2019-11-07 22:15:25.0050000', 15, 1302462.6353, 22, 24)
GO
SET IDENTITY_INSERT dbo.TInvoice OFF
GO

--
-- Inserting data into table dbo.TInvoiceLine
--
SET IDENTITY_INSERT dbo.TInvoiceLine ON
GO
--Product price*quantity= fPrice
INSERT dbo.TInvoiceLine(iInvoiceLineId, iProductId, iInvoiceId, fPrice, iQuantity) VALUES (1, 13, 1,200, 2)
INSERT dbo.TInvoiceLine(iInvoiceLineId, iProductId, iInvoiceId, fPrice, iQuantity) VALUES (2, 2, 1,12, 6)
INSERT dbo.TInvoiceLine(iInvoiceLineId, iProductId, iInvoiceId, fPrice, iQuantity) VALUES (3, 15, 1,4000, 2)
INSERT dbo.TInvoiceLine(iInvoiceLineId, iProductId, iInvoiceId, fPrice, iQuantity) VALUES (4, 19, 2,300, 5)
INSERT dbo.TInvoiceLine(iInvoiceLineId, iProductId, iInvoiceId, fPrice, iQuantity) VALUES (5, 1, 2, 387, 3)
INSERT dbo.TInvoiceLine(iInvoiceLineId, iProductId, iInvoiceId, fPrice, iQuantity) VALUES (6, 10, 3, 4500 , 1)
INSERT dbo.TInvoiceLine(iInvoiceLineId, iProductId, iInvoiceId, fPrice, iQuantity) VALUES (7, 9, 3, 60, 2)
INSERT dbo.TInvoiceLine(iInvoiceLineId, iProductId, iInvoiceId, fPrice, iQuantity) VALUES (8, 21, 4, 700, 1)
INSERT dbo.TInvoiceLine(iInvoiceLineId, iProductId, iInvoiceId, fPrice, iQuantity) VALUES (9, 3, 4, 970, 5)
INSERT dbo.TInvoiceLine(iInvoiceLineId, iProductId, iInvoiceId, fPrice, iQuantity) VALUES (10, 18, 5, 100, 1)
INSERT dbo.TInvoiceLine(iInvoiceLineId, iProductId, iInvoiceId, fPrice, iQuantity) VALUES (11, 8, 5, 2100, 1)
INSERT dbo.TInvoiceLine(iInvoiceLineId, iProductId, iInvoiceId, fPrice, iQuantity) VALUES (12, 3, 6, 194, 1)
INSERT dbo.TInvoiceLine(iInvoiceLineId, iProductId, iInvoiceId, fPrice, iQuantity) VALUES (13, 2, 6, 90, 3)
INSERT dbo.TInvoiceLine(iInvoiceLineId, iProductId, iInvoiceId, fPrice, iQuantity) VALUES (14, 2, 7, 60, 2)
INSERT dbo.TInvoiceLine(iInvoiceLineId, iProductId, iInvoiceId, fPrice, iQuantity) VALUES (15, 3, 7, 194, 1)
INSERT dbo.TInvoiceLine(iInvoiceLineId, iProductId, iInvoiceId, fPrice, iQuantity) VALUES (16, 2, 8, 180, 6)
INSERT dbo.TInvoiceLine(iInvoiceLineId, iProductId, iInvoiceId, fPrice, iQuantity) VALUES (17, 16, 8, 1200, 2)
INSERT dbo.TInvoiceLine(iInvoiceLineId, iProductId, iInvoiceId, fPrice, iQuantity) VALUES (18, 12, 9, 50, 1)
INSERT dbo.TInvoiceLine(iInvoiceLineId, iProductId, iInvoiceId, fPrice, iQuantity) VALUES (19, 5, 9, 6000, 3)
INSERT dbo.TInvoiceLine(iInvoiceLineId, iProductId, iInvoiceId, fPrice, iQuantity) VALUES (20, 21, 10, 700, 1)
INSERT dbo.TInvoiceLine(iInvoiceLineId, iProductId, iInvoiceId, fPrice, iQuantity) VALUES (21, 17, 10, 900, 1)
INSERT dbo.TInvoiceLine(iInvoiceLineId, iProductId, iInvoiceId, fPrice, iQuantity) VALUES (22, 3, 11, 194, 1)
INSERT dbo.TInvoiceLine(iInvoiceLineId, iProductId, iInvoiceId, fPrice, iQuantity) VALUES (23, 18, 12, 200, 2)
INSERT dbo.TInvoiceLine(iInvoiceLineId, iProductId, iInvoiceId, fPrice, iQuantity) VALUES (24, 16, 12, 1800, 3)
INSERT dbo.TInvoiceLine(iInvoiceLineId, iProductId, iInvoiceId, fPrice, iQuantity) VALUES (25, 7, 13, 900, 3)
INSERT dbo.TInvoiceLine(iInvoiceLineId, iProductId, iInvoiceId, fPrice, iQuantity) VALUES (26, 7, 14, 300, 1)
INSERT dbo.TInvoiceLine(iInvoiceLineId, iProductId, iInvoiceId, fPrice, iQuantity) VALUES (27, 20, 13, 600, 2)
INSERT dbo.TInvoiceLine(iInvoiceLineId, iProductId, iInvoiceId, fPrice, iQuantity) VALUES (28, 16, 14, 1200, 2)
INSERT dbo.TInvoiceLine(iInvoiceLineId, iProductId, iInvoiceId, fPrice, iQuantity) VALUES (29, 15, 15, 6000, 3)
INSERT dbo.TInvoiceLine(iInvoiceLineId, iProductId, iInvoiceId, fPrice, iQuantity) VALUES (30, 6, 16, 60, 1)
INSERT dbo.TInvoiceLine(iInvoiceLineId, iProductId, iInvoiceId, fPrice, iQuantity) VALUES (31, 15, 17, 4000, 2)
INSERT dbo.TInvoiceLine(iInvoiceLineId, iProductId, iInvoiceId, fPrice, iQuantity) VALUES (32, 8, 18, 4200, 2)
INSERT dbo.TInvoiceLine(iInvoiceLineId, iProductId, iInvoiceId, fPrice, iQuantity) VALUES (33, 3, 17, 194, 1)
INSERT dbo.TInvoiceLine(iInvoiceLineId, iProductId, iInvoiceId, fPrice, iQuantity) VALUES (34, 1, 18, 2100, 7)
INSERT dbo.TInvoiceLine(iInvoiceLineId, iProductId, iInvoiceId, fPrice, iQuantity) VALUES (35, 5, 19, 6000, 3)
INSERT dbo.TInvoiceLine(iInvoiceLineId, iProductId, iInvoiceId, fPrice, iQuantity) VALUES (36, 4, 20, 100, 1)
INSERT dbo.TInvoiceLine(iInvoiceLineId, iProductId, iInvoiceId, fPrice, iQuantity) VALUES (37, 7, 21, 600, 2)
INSERT dbo.TInvoiceLine(iInvoiceLineId, iProductId, iInvoiceId, fPrice, iQuantity) VALUES (38, 20, 20,1200, 4)
INSERT dbo.TInvoiceLine(iInvoiceLineId, iProductId, iInvoiceId, fPrice, iQuantity) VALUES (39, 17, 21, 1800, 2)
INSERT dbo.TInvoiceLine(iInvoiceLineId, iProductId, iInvoiceId, fPrice, iQuantity) VALUES (40, 17, 22, 900, 1)
INSERT dbo.TInvoiceLine(iInvoiceLineId, iProductId, iInvoiceId, fPrice, iQuantity) VALUES (41, 18, 22, 600, 6)
INSERT dbo.TInvoiceLine(iInvoiceLineId, iProductId, iInvoiceId, fPrice, iQuantity) VALUES (42, 6, 23, 120, 2)
INSERT dbo.TInvoiceLine(iInvoiceLineId, iProductId, iInvoiceId, fPrice, iQuantity) VALUES (43, 20, 23, 900, 3)
INSERT dbo.TInvoiceLine(iInvoiceLineId, iProductId, iInvoiceId, fPrice, iQuantity) VALUES (44, 6, 24, 120, 2)
INSERT dbo.TInvoiceLine(iInvoiceLineId, iProductId, iInvoiceId, fPrice, iQuantity) VALUES (45, 11, 23, 300, 2)
INSERT dbo.TInvoiceLine(iInvoiceLineId, iProductId, iInvoiceId, fPrice, iQuantity) VALUES (46, 7, 24, 600, 2)
INSERT dbo.TInvoiceLine(iInvoiceLineId, iProductId, iInvoiceId, fPrice, iQuantity) VALUES (47, 5, 25, 10000, 5)
INSERT dbo.TInvoiceLine(iInvoiceLineId, iProductId, iInvoiceId, fPrice, iQuantity) VALUES (48, 2, 26, 60, 2)
INSERT dbo.TInvoiceLine(iInvoiceLineId, iProductId, iInvoiceId, fPrice, iQuantity) VALUES (49, 4, 26, 300, 3)
INSERT dbo.TInvoiceLine(iInvoiceLineId, iProductId, iInvoiceId, fPrice, iQuantity) VALUES (50, 4, 27, 300, 3)
INSERT dbo.TInvoiceLine(iInvoiceLineId, iProductId, iInvoiceId, fPrice, iQuantity) VALUES (51, 13, 28,200, 2)
INSERT dbo.TInvoiceLine(iInvoiceLineId, iProductId, iInvoiceId, fPrice, iQuantity) VALUES (52, 2, 27,12, 6)
INSERT dbo.TInvoiceLine(iInvoiceLineId, iProductId, iInvoiceId, fPrice, iQuantity) VALUES (53, 15, 27,4000, 2)
INSERT dbo.TInvoiceLine(iInvoiceLineId, iProductId, iInvoiceId, fPrice, iQuantity) VALUES (54, 19, 29,300, 5)
INSERT dbo.TInvoiceLine(iInvoiceLineId, iProductId, iInvoiceId, fPrice, iQuantity) VALUES (55, 1, 30, 387, 3)
INSERT dbo.TInvoiceLine(iInvoiceLineId, iProductId, iInvoiceId, fPrice, iQuantity) VALUES (56, 10, 30, 4500 , 1)
INSERT dbo.TInvoiceLine(iInvoiceLineId, iProductId, iInvoiceId, fPrice, iQuantity) VALUES (57, 9, 31, 60, 2)
INSERT dbo.TInvoiceLine(iInvoiceLineId, iProductId, iInvoiceId, fPrice, iQuantity) VALUES (58, 21, 32, 700, 1)
INSERT dbo.TInvoiceLine(iInvoiceLineId, iProductId, iInvoiceId, fPrice, iQuantity) VALUES (59, 3, 33, 970, 5)
INSERT dbo.TInvoiceLine(iInvoiceLineId, iProductId, iInvoiceId, fPrice, iQuantity) VALUES (60, 18, 34, 100, 1)
INSERT dbo.TInvoiceLine(iInvoiceLineId, iProductId, iInvoiceId, fPrice, iQuantity) VALUES (61, 8, 35, 2100, 1)
INSERT dbo.TInvoiceLine(iInvoiceLineId, iProductId, iInvoiceId, fPrice, iQuantity) VALUES (62, 3, 36, 194, 1)
INSERT dbo.TInvoiceLine(iInvoiceLineId, iProductId, iInvoiceId, fPrice, iQuantity) VALUES (63, 2, 35, 90, 3)
INSERT dbo.TInvoiceLine(iInvoiceLineId, iProductId, iInvoiceId, fPrice, iQuantity) VALUES (64, 2, 37, 60, 2)
INSERT dbo.TInvoiceLine(iInvoiceLineId, iProductId, iInvoiceId, fPrice, iQuantity) VALUES (65, 3, 37, 194, 1)
INSERT dbo.TInvoiceLine(iInvoiceLineId, iProductId, iInvoiceId, fPrice, iQuantity) VALUES (66, 2, 38, 180, 6)
INSERT dbo.TInvoiceLine(iInvoiceLineId, iProductId, iInvoiceId, fPrice, iQuantity) VALUES (67, 16, 38, 1200, 2)
INSERT dbo.TInvoiceLine(iInvoiceLineId, iProductId, iInvoiceId, fPrice, iQuantity) VALUES (68, 12, 39, 50, 1)
INSERT dbo.TInvoiceLine(iInvoiceLineId, iProductId, iInvoiceId, fPrice, iQuantity) VALUES (69, 5, 40, 6000, 3)
INSERT dbo.TInvoiceLine(iInvoiceLineId, iProductId, iInvoiceId, fPrice, iQuantity) VALUES (70, 21, 40, 700, 1)
INSERT dbo.TInvoiceLine(iInvoiceLineId, iProductId, iInvoiceId, fPrice, iQuantity) VALUES (71, 17, 41, 900, 1)
INSERT dbo.TInvoiceLine(iInvoiceLineId, iProductId, iInvoiceId, fPrice, iQuantity) VALUES (72, 3, 41, 194, 1)
INSERT dbo.TInvoiceLine(iInvoiceLineId, iProductId, iInvoiceId, fPrice, iQuantity) VALUES (73, 18, 42, 200, 2)
INSERT dbo.TInvoiceLine(iInvoiceLineId, iProductId, iInvoiceId, fPrice, iQuantity) VALUES (74, 16, 42, 1800, 3)
INSERT dbo.TInvoiceLine(iInvoiceLineId, iProductId, iInvoiceId, fPrice, iQuantity) VALUES (75, 7, 43, 900, 3)
INSERT dbo.TInvoiceLine(iInvoiceLineId, iProductId, iInvoiceId, fPrice, iQuantity) VALUES (76, 7, 44, 300, 1)
INSERT dbo.TInvoiceLine(iInvoiceLineId, iProductId, iInvoiceId, fPrice, iQuantity) VALUES (77, 20, 44, 600, 2)
INSERT dbo.TInvoiceLine(iInvoiceLineId, iProductId, iInvoiceId, fPrice, iQuantity) VALUES (78, 16, 45, 1200, 2)
INSERT dbo.TInvoiceLine(iInvoiceLineId, iProductId, iInvoiceId, fPrice, iQuantity) VALUES (79, 15, 45, 6000, 3)
INSERT dbo.TInvoiceLine(iInvoiceLineId, iProductId, iInvoiceId, fPrice, iQuantity) VALUES (80, 6, 46, 60, 1)
INSERT dbo.TInvoiceLine(iInvoiceLineId, iProductId, iInvoiceId, fPrice, iQuantity) VALUES (81, 15, 47, 4000, 2)
INSERT dbo.TInvoiceLine(iInvoiceLineId, iProductId, iInvoiceId, fPrice, iQuantity) VALUES (82, 8, 46, 4200, 2)
INSERT dbo.TInvoiceLine(iInvoiceLineId, iProductId, iInvoiceId, fPrice, iQuantity) VALUES (83, 3, 48, 194, 1)
INSERT dbo.TInvoiceLine(iInvoiceLineId, iProductId, iInvoiceId, fPrice, iQuantity) VALUES (84, 1, 49, 2100, 7)
INSERT dbo.TInvoiceLine(iInvoiceLineId, iProductId, iInvoiceId, fPrice, iQuantity) VALUES (85, 5, 50, 6000, 3)
GO
SET IDENTITY_INSERT dbo.TInvoiceLine OFF
GO

--
-- Inserting data into table dbo.TRating
--
INSERT dbo.TRating(iProductId, iUserId, iRating, cComment) VALUES (10, 11, 1, 'Simplistically, the progress of the formal action likely the constructive criticism. This seems to be a notably obvious step towards the structure absorption the positive influence of any functional testing.  ')
INSERT dbo.TRating(iProductId, iUserId, iRating, cComment) VALUES (10, 9, 2, 'It goes without saying that the edge of the comprehensive methods facilitates access to the ultimate advantage of considerable advancement over alternate practices.  ')
INSERT dbo.TRating(iProductId, iUserId, iRating, cComment) VALUES (19, 20, 3, 'One cannot possibly accept the fact that the example of the corporate asset growth may motivate developers to work out the entity integrity. It may reveal how the independent knowledge briefly the conceptual design the more operating speed model of the overall scores.  ')
INSERT dbo.TRating(iProductId, iUserId, iRating, cComment) VALUES (4, 4, NULL, NULL)
INSERT dbo.TRating(iProductId, iUserId, iRating, cComment) VALUES (10, 10, 1, 'Fortunately, the evaluation of reliability activities for any of the primary element provides a prominent example of the data management and data architecture framework. We must be ready for integration prospects and well-known practice investigation of every contradiction between the functional testing and the valuable information.  ')
INSERT dbo.TRating(iProductId, iUserId, iRating, cComment) VALUES (13, 16, 2, 'Let''s consider, that the basic layout for a number of the basic reason of the entity integrity needs to be processed together with the the emergency planning. It may reveal how the significant improvement accordingly the referential arguments.')
INSERT dbo.TRating(iProductId, iUserId, iRating, cComment) VALUES (8, 9, 3, 'We must bear in mind that the tasks priority management and growth opportunities of it are quite high. Resulting from review or analysis of threats and opportunities, we can presume that with help of the criterion provides a glimpse at every contradiction between the goals and objectives and the relational approach.  ')
INSERT dbo.TRating(iProductId, iUserId, iRating, cComment) VALUES (11, 12, 3, 'It is necessary to point out that the task analysis in its influence on each of the strategic decisions gives us a clear notion of the prominent landmarks. Everyone understands what it takes to the strategic management. Such tendency may methodically originate from the product design and development the set of related commands and controls.  ')
INSERT dbo.TRating(iProductId, iUserId, iRating, cComment) VALUES (9, 10, 2, 'It is necessary to point out that the advantage of the basic feature may share attitudes on the participant evaluation sample. It may reveal how the optimization scenario basically the diverse sources of information.')
INSERT dbo.TRating(iProductId, iUserId, iRating, cComment) VALUES (4, 5, 3, 'It is obvious, that organization of the comprehensive methods must stay true to the key factor. Everyone understands what it takes to the minor details of major decisions, that lie behind the formal review of opportunities the general features and possibilities of the permanent growth.  ')
INSERT dbo.TRating(iProductId, iUserId, iRating, cComment) VALUES (14, 13, NULL, 'Looking it another way, the major accomplishments, such as the continuing support, the data management and data architecture framework, the first-class package or the major decisions, that lie behind the sufficient amount shows a stable performance in development of the system concepts. Everyone understands what it takes to the productivity boost.')
INSERT dbo.TRating(iProductId, iUserId, iRating, cComment) VALUES (20, 22, 5, 'For a number of reasons, the advantage of the basic feature may share attitudes on what is conventionally known as final draft.  ')
INSERT dbo.TRating(iProductId, iUserId, iRating, cComment) VALUES (4, 6, NULL, NULL)
INSERT dbo.TRating(iProductId, iUserId, iRating, cComment) VALUES (15, 16, 2, 'At any rate, the example of the specific decisions should correlate with the questionable thesis.  ')
INSERT dbo.TRating(iProductId, iUserId, iRating, cComment) VALUES (1, 2, 1, 'Thus, final stages of the first-class package becomes even more complex when compared with the strategic planning. This could partially be a result of a ground-breaking technology.  ')
INSERT dbo.TRating(iProductId, iUserId, iRating, cComment) VALUES (12, 13, 2, 'According to some experts, the pursuance of major area of expertise minimizes influence of the hardware maintenance. Thus a complete understanding is missing.  ')
INSERT dbo.TRating(iProductId, iUserId, iRating, cComment) VALUES (16, 17, NULL, 'It is necessary to point out that all approaches to the creation of the edge of the diverse sources of information underlines the limitations of the entire picture.  ')
INSERT dbo.TRating(iProductId, iUserId, iRating, cComment) VALUES (19, 22, 3, 'To straighten it out, the edge of the strategic decision provides a solid basis for the preliminary action plan.  ')
INSERT dbo.TRating(iProductId, iUserId, iRating, cComment) VALUES (5, 7, NULL, NULL)
INSERT dbo.TRating(iProductId, iUserId, iRating, cComment) VALUES (2, 3, 4, 'Besides, the explicit examination of development process  requires urgent actions to be taken towards the questionable thesis.  ')
INSERT dbo.TRating(iProductId, iUserId, iRating, cComment) VALUES (11, 11, 2, 'In the meantime core concept of the basic feature the general features and possibilities of the emergency planning the high performance of the structure absorption. It may reveal how the major and minor objectives immediately what is conventionally known as optimization scenario the questionable thesis.')
INSERT dbo.TRating(iProductId, iUserId, iRating, cComment) VALUES (20, 23, 3, 'As for some of the structured technology analysis, it is clear that details of the comprehensive methods must stay true to the structured technology analysis. We must be ready for development process  and set of related commands and controls investigation of the competitive development and manufacturing.')
INSERT dbo.TRating(iProductId, iUserId, iRating, cComment) VALUES (11, 10, 5, 'On top of that all approaches to the creation of any part of the effective time management may motivate developers to work out what is conventionally known as key factor.  ')
INSERT dbo.TRating(iProductId, iUserId, iRating, cComment) VALUES (17, 18, 2, 'Furthermore, one should not forget that the unification of the integrated collection of software engineering standards minimizes influence of the valuable information. Everyone understands what it takes to the more standards control of the base configuration the efficient decision.  ')
INSERT dbo.TRating(iProductId, iUserId, iRating, cComment) VALUES (5, 5, 1, 'The majority of examinations of the wasted impacts show that a key factor of the deep analysis may motivate developers to work out what can be classified as the operating speed model.  ')
INSERT dbo.TRating(iProductId, iUserId, iRating, cComment) VALUES (12, 11, 2, 'To be honest, the structure of the essence will require a vast knowledge. Focusing on the latest investigations, we can positively say that a surprising flexibility in a small part of the matrix of available reinforces the argument for the proper strategy of the basic reason of the development sequence.  ')
INSERT dbo.TRating(iProductId, iUserId, iRating, cComment) VALUES (5, 6, 4, 'On the other hand, the exceptional results of the competitive development and manufacturing may motivate developers to work out the proper difference of the technical requirements.  ')
INSERT dbo.TRating(iProductId, iUserId, iRating, cComment) VALUES (12, 12, 2, 'Perhaps we should also point out the fact that a number of brand new approaches has been tested during the the improvement of the emergency planning. It''s a well-known fact that there is a direct relation between the system mechanism and the structure of the prominent landmarks.')
INSERT dbo.TRating(iProductId, iUserId, iRating, cComment) VALUES (7, 7, 4, 'It is worth emphasizing that a lot of effort has been invested into the systems approach. Focusing on the latest investigations, we can positively say that the matter of the strategic decision the referential arguments.')
INSERT dbo.TRating(iProductId, iUserId, iRating, cComment) VALUES (3, 4, NULL, 'Eventually, concentration of core concept of the standards control should correlate with every contradiction between the design aspects and the content testing method.  ')
INSERT dbo.TRating(iProductId, iUserId, iRating, cComment) VALUES (7, 8, 2, 'For instance, the core principles represents opportunities for the proper usage of the ability bias.  ')
INSERT dbo.TRating(iProductId, iUserId, iRating, cComment) VALUES (7, 6, 2, 'So far, criteria of impact of the comprehensive set of policy statements ensures integrity of the operations research. The real reason of the driving factor approximately any important or implicative approach the competitive development and manufacturing. The task analysis turns it into something strategically real.  ')
INSERT dbo.TRating(iProductId, iUserId, iRating, cComment) VALUES (13, 13, 3, 'Eventually, the unification of the corporate ethics and philosophy becomes even more complex when compared with the storage area. It should rather be regarded as an integral part of the participant evaluation sample.  ')
INSERT dbo.TRating(iProductId, iUserId, iRating, cComment) VALUES (1, 3, 4, 'In spite of the fact that the influence of the relation between the key principles and the critical thinking may share attitudes on the consequential risks.')
INSERT dbo.TRating(iProductId, iUserId, iRating, cComment) VALUES (8, 8, 4, 'Thus, each of the basic feature becomes extremely important for the irrelevance of estimation.  ')
INSERT dbo.TRating(iProductId, iUserId, iRating, cComment) VALUES (14, 16, NULL, 'A number of key issues arise from the belief that final stages of the operating speed model poses problems and challenges for both the specific decisions and the data management and data architecture framework.  ')
INSERT dbo.TRating(iProductId, iUserId, iRating, cComment) VALUES (18, 19, 3, 'Although, the explicit examination of effective mechanism must take into account the possibility of the general features and possibilities of the internal network.  ')
INSERT dbo.TRating(iProductId, iUserId, iRating, cComment) VALUES (13, 12, NULL, NULL)
INSERT dbo.TRating(iProductId, iUserId, iRating, cComment) VALUES (1, 1, 1, 'As a matter of fact, the raw draft of the operational system gives us a clear notion of any specific decisions. This may be done through the participant evaluation sample.  ')
INSERT dbo.TRating(iProductId, iUserId, iRating, cComment) VALUES (16, 18, NULL, 'At any rate, criteria of segments of the critical thinking gives us a clear notion of every contradiction between the systems approach and the design patterns.  ')
INSERT dbo.TRating(iProductId, iUserId, iRating, cComment) VALUES (2, 4, 4, 'Regardless of the fact that the evolution of the deep analysis will possibly result in the preliminary action plan.  ')
INSERT dbo.TRating(iProductId, iUserId, iRating, cComment) VALUES (9, 9, 2, 'By some means, final stages of the crucial component remains the crucial component of the effective mechanism. It should rather be regarded as an integral part of the integration prospects.  ')
INSERT dbo.TRating(iProductId, iUserId, iRating, cComment) VALUES (15, 17, 1, 'Quite possibly, in the context of treatment the ultimate advantage of adaptive program over alternate practices the structured technology analysis and poses problems and challenges for both the functional testing and the software engineering concepts and practices.  ')
INSERT dbo.TRating(iProductId, iUserId, iRating, cComment) VALUES (8, 7, 3, 'To all effects and purposes, the advantage of the deep analysis is of a great interest. Simplistically, the operational system should correlate with the competitive development and manufacturing on a modern economy.  ')
INSERT dbo.TRating(iProductId, iUserId, iRating, cComment) VALUES (17, 19, 2, 'The other side of the coin is, however, that the main source of the the profit becomes a key factor of any coherent software. This may be done through the hardware maintenance.  ')
INSERT dbo.TRating(iProductId, iUserId, iRating, cComment) VALUES (3, 5, NULL, 'It is undeniable that the framework of the treatment gives us a clear notion of the continuing duplication doctrine.  ')
INSERT dbo.TRating(iProductId, iUserId, iRating, cComment) VALUES (18, 20, 4, 'On the assumption of the point of the integrating procedure, the layout of the basic feature likely the more operational system of the bilateral act every contradiction between the draft analysis and prior decisions and early design solutions and the development process .  ')
INSERT dbo.TRating(iProductId, iUserId, iRating, cComment) VALUES (2, 2, 4, 'Thus, components of the structure of the predictable behavior the proper extension of the integrated collection of software engineering standards the risks of the proper capacity of the linguistic approach.  ')
INSERT dbo.TRating(iProductId, iUserId, iRating, cComment) VALUES (9, 8, 5, 'We cannot ignore the fact that the example of the emergency planning involves some problems with the subsequent actions. It may reveal how the influence on eventual productivity entirely the formal review of opportunities. It should rather be regarded as an integral part of the efficient decision the questionable thesis.  ')
INSERT dbo.TRating(iProductId, iUserId, iRating, cComment) VALUES (3, 3, NULL, NULL)
GO

/*
	Changes to TProducts for data warehouse testing
*/

update TProduct set fUnitPrice = 200, cDescription = 'Protects your skin from some dangerous uv radiation factor 10'
where iProductId = 1
update TProduct set fUnitPrice = 500, cDescription = '[NEW]Protects your skin from most dangerous uv radiation factor 50'
where iProductId = 1
update TProduct set fUnitPrice = 900, cDescription = '[NEW]Protects your skin from all dangerous uv radiation factor 999'
where iProductId = 1

update TProduct set cDescription = 'This cookie is made by the best chef in the world'
where iProductId = 2
update TProduct set cDescription = 'This cookie is made by the best chef in the world. Warning may contain nuts'
where iProductId = 2
update TProduct set iQuantity = 9999, cDescription = 'JUST RESTOCKED. This cookie is made by the best chef in the world. Warning may contain nuts'
where iProductId = 2

update TProduct set cDescription = 'specially formulated for dry hair. Enriched with key ingredient extracts for their enriching properties. It leaves your hair manageable and soft. 
									Bottle is recyclable'
where iProductId = 3
update TProduct set cDescription = 'specially formulated for dry hair. Enriched with key ingredient extracts for their enriching properties. It leaves your hair manageable and soft. 
									Bottle is PBA FREE and recyclable'
where iProductId = 3
update TProduct set cDescription = 'specially formulated for dry hair. Enriched with key ingredient extracts for their enriching properties. It leaves your hair manageable and soft. Size: 100ml 
									Bottle is PBA FREE and recyclable.'
where iProductId = 3

update TProduct set iQuantity = 500 
where iProductId = 4
update TProduct set iQuantity = 5000 
where iProductId = 4
update TProduct set iQuantity = 500 
where iProductId = 4

update TProduct set cName = 'Ambrosia'
where iProductId = 6
update TProduct set cDescription = 'For everyone Ambrosia bought we will plant a tree'
where iProductId = 6
update TProduct set fUnitPrice = 199, cDescription = 'For everyone Ambrosia bought we will plant a tree'
where iProductId = 6



--
-- Set NOEXEC to off
--

SET NOEXEC OFF
GO